Ημερομηνία,Γεγονός,Σύνδεσμος,Αριθμός Ταξινόμησης
29/03/2018,"Ψηφίζεται ο νόμος 4531/2018 (άρθρο 25, παράγραφος 3), με τον οποίο απαιτείται μόνο η έγκριση της Εισαγγελίας της Ε.Υ.Π. για την παρακολούθηση προσώπων. Έως τότε απαιτούνταν και η έγκριση της Εισαγγελίας Εφετών. Ο νόμος 4531/2018 ισχύει μέχρι τις 09/08/2022, όπου η Π.Ν.Π. 9-8-2022/2022 επαναφέρει την προηγούμενη κατάσταση. Χ.Α., Κ.Κ.Ε. και Ένωση Κεντρώων ψήφισαν «Παρών» με τα υπόλοιπα κόμματα να υπερψηφίζουν.",https://www.kodiko.gr/nomothesia/document/354118,43188
26/07/2019,"Κατατίθεται στη Βουλή το πρώτο νομοσχέδιο της κυβέρνησης Μητσοτάκη περί Επιτελικού Κράτους (νόμος 4622/2019). Με το νέο νόμο, που υπερψηφίζεται μόνο με τις ψήφους της Νέας Δημοκρατίας στις 7 Αυγούστου, συστήνεται η Προεδρία της Κυβέρνησης. Στην Προεδρία υπάγονται πλέον η Ε.Υ.Π. και τα κρατικά ΜΜΕ, ΕΡΤ και ΑΜΠΕ. Η Προεδρία υπάγεται στον πρωθυπουργό και αποτελείται, μεταξύ άλλων, από τη Γενική Γραμματεία του Πρωθυπουργού υπό τον Γρηγόρη Δημητριάδη (ανιψιό του Κ. Μητσοτάκη), ο οποίος είχε υπ' ευθύνη του την Ε.Υ.Π.. Επιπλέον, ο νόμος θεσπίζει ασυμβίβαστο για τους Γενικούς Γραμματείς (άρθρα 68 & 70).",https://linkmix.co/12004153,43672
01/08/2019,"Έναρξη θητείας του Παναγιώτη Κοντολέωντα ως διοικητή της Ε.Υ.Π. Ο Π. Κοντολέων κατέχει αναγνωρισμένο πτυχίο από το Ανοιχτό Πανεπιστήμιο του Ηνωμένου Βασιλείου είναι στον τομέα της Μουσικής, ξεκίνησε την καριέρα του ως φύλακας στην πρεσβεία των ΗΠΑ και είχε εργαστεί σε μία και μοναδική εταιρεία, την G4S.",https://linkmix.co/12004561,43678
31/08/2019,"Με τον νόμο 4625/2019 (άρθρο 21, παράγραφος 2), αλλάζουν τα απαιτούμενα προσόντα για το διορισμό του διοικητή της Ε.Υ.Π. Πλέον δεν απαιτείται η κατοχή Πανεπιστημιακού Τίτλου, αλλά αρκεί «δεκαετής τουλάχιστον αποδεδειγμένη επαγγελματική απασχόληση». Λίγες ημέρες πριν, από το βήμα της Βουλής, ο Κ. Μητσοτάκης είχε δηλώσει: «Για το ζήτημα της Ε.Υ.Π. δεν έχω να πω πολλά, κανένα νόμο δεν θα αλλάξουμε».",https://linkmix.co/12004728,43708
25/09/2019,"Με την 71008/25-09-2019 απόφαση του Υπουργού Υποδομών και Μεταφορών, ο Ευάγγελος Ντογιάκος (γιός του Αντιεισαγγελέα και μετέπειτα Εισαγγελέα του Αρείου Πάγου, Ισιδώρου) προσλαμβάνεται σε θέση μετακλητού συνεργάτη, στο Ιδιαίτερο Γραφείο του Υπουργού Υποδομών και Μεταφορών Κωνσταντίνου Καραμανλή. ",http://www.et.gr/api/DownloadFeksApi/?fek_pdf=20191400810,43733
01/11/2019,"Ο δημοσιογράφος Θανάσης Κουκάκης δημοσιεύει άρθρο στους Financial Times σχετικά με συναλλαγές της Τράπεζας Πειραιώς με τον τραπεζίτη Μιχάλη Σάλλα, άλλοτε επικεφαλής της τράπεζας, και του επιχειρηματικού ομίλου Libra του εφοπλιστή Γιώργου Λογοθέτη. Τους επόμενους μήνες ο Θ. Κουκάκης δημοσιεύει σειρά άρθρων στους FT, το inside story, τον κυπριακό Πολίτη, το Documento, το ereportaz, αποδεικνύοντας πώς αυτές οι συναλλαγές φέρονται να ζημίωσαν την τράπεζα.",https://linkmix.co/11126355,43770
14/11/2019,"Ο Θ. Κουκάκης συμμετέχει σε άρθρο στους Financial Times σχετικά με την τροποποίηση του Ποινικού Κώδικα μέσω του νόμου 4637/2019. Η τροποποίηση χαρακτηρίζεται ως πισωγύρισμα στην καταπολέμηση του ξεπλύματος βρώμικου χρήματος. Τέσσερις μέρες μετά, οι FT δημοσιεύουν απαντητική επιστολή του Υπουργού Επικρατείας, Γιώργου Γεραπετρίτη.",https://linkmix.co/12005883,43783
18/11/2019,"Δημοσιεύεται ο νόμος 4637/2019. Μέσω του άρθρου 15 (το οποίο τροποποιήθηκε με το άρθρο 18 του νόμου 4664/2020) έως τις 19 Μαΐου 2020, οι διατάξεις του Προέδρου της Αρχής Καταπολέμησης της Νομιμοποίησης Εσόδων από Εγκληματικές Δραστηριότητες, που έχουν εκδοθεί [...] πριν τη δημοσίευση του παρόντος νόμου και για τις οποίες έχουν παρέλθει 18 μήνες (9+9), διαβιβάζονται με τα σχετικά με τη δέσμευση στοιχεία και αντίγραφο του φακέλου της υπόθεσης στον ανακριτή, (αν η υπόθεση εκκρεμεί στο στάδιο της ανάκρισης) ή στο αρμόδιο δικαστικό συμβούλιο (σε κάθε άλλη περίπτωση) οι οποίοι αποφαίνονται για την επικύρωση ή μη της διάταξης του Προέδρου της Αρχής Καταπολέμησης της Νομιμοποίησης Εσόδων από Εγκληματικές Δραστηριότητες. Σε περίπτωση παρέλευσης άπρακτης της προθεσμίας του πρώτου εδαφίου η διάταξη του Προέδρου της Αρχής Καταπολέμησης της Νομιμοποίησης Εσόδων από Εγκληματικές Δραστηριότητες παύει αυτοδικαίως να ισχύει.",https://linkmix.co/11623064,43787
11/3/2020,"Συστήνεται στην Ελλάδα η εταιρεία Intellexa Α.Ε., με μοναδική σύμβουλο και διαχειρίστρια την Σάρα-Αλεξάνδρα Φαϊσσαλ Χάμου, δεύτερη σύζυγο του Ταλ Ντιλιάν.",https://www.businessregistry.gr/publicity/show/154460701000,43901
12/05/2020,Η Βασιλική Βλάχου τοποθετείται ως Εισαγγελέας της Ε.Υ.Π.,https://linkmix.co/11153605,43963
01/06/2020,"H Ε.Υ.Π., με τη διάταξη υπ’ αριθμ. Ε2402/2020, αιτείται στην Cosmote την άρση απορρήτου σε αριθμό κινητού που διατηρούσε ο Θ. Κουκάκης. Η άρση ζητείται για δύο μήνες, έως την 1η Αυγούστου 2020, με την επίκληση λόγων εθνικής ασφάλειας.",https://linkmix.co/11126355,43983
01/07/2020,Παρακολούθηση από την Ε.Υ.Π. αντιεμβολιαστών και συμμετεχόντων σε διαμαρτυρίες κατά των μέτρων περιορισμού του Covid-19.,https://linkmix.co/11124803,44013
09/07/2020,"Με την τροπολογία 390-3 του ν. 4704/2020 δημιουργείται το ΚΕΤΥΑΚ (Κέντρο Τεχνολογικής Υποστήριξης, Ανάπτυξης και Καινοτομίας), μια «αυτοτελή υπηρεσία» εντός της Ε.Υ.Π.. Το ΚΕΤΥΑΚ θα μπορεί να υπογράφει απόρρητες συμβάσεις με φορείς υπό καθεστώς πλήρους αδιαφάνειας, καθώς, σύμφωνα με την τροπολογία, «οι εν λόγω πράξεις δεν δημοσιεύονται στην εφημερίδα της κυβερνήσεως και δεν αναρτώνται στο πρόγραμμα Διαύγεια».",https://linkmix.co/12009475,44021
13/07/2020,"Η Ε.Υ.Π., με τη διάταξη υπ’ αριθμ. Ε3077/2020, ζητάει παράταση της άρσης του απορρήτου του αριθμού του Θ. Κουκάκη, πάλι για λόγους εθνικής ασφάλειας και για διάστημα δύο μηνών, έως την 1η Οκτωβρίου 2020.",https://linkmix.co/11126355,44025
22/07/2020,Δημιουργείται έμβασμα 155.000 ευρώ από την Intellexa (εταιρεία που εμπορεύεται το Predator) μέσω του ευρωπαϊκού συστήματος πληρωμών (SEPA) στην Krikel (συμφερόντων Γ. Λαβράνου και επίσημο προμηθευτή του Δημοσίου) και την ίδια μέρα ένα ισόποσο εξερχόμενο από την Κρίκελ στην Intellexa. Τον ίδιο μήνα αγοράζονται τα πρώτα ψευδεπίγραφα domains για την παγίδευση και παρακολούθηση στόχων με Predator εντός Ελλάδας.,https://insidestory.gr/article/elliniko-dimosio-kai-intellexa-ki-omos-gnorizontai,44034
12/08/2020,"Ο Θ. Κουκάκης καταθέτει στην ΑΔΑΕ καταγγελία για να του γνωστοποιήσει αν παρακολουθούνται οι επικοινωνίες του σε δύο αριθμούς κινητών κι ένα σταθερό τηλέφωνο. Την ίδια ακριβώς ημέρα, η Ε.Υ.Π., με τη διάταξη υπ’ αριθμ. Ε3580/2020, ζητάει παύση της άρσης του απορρήτου του αριθμού του Θ. Κουκάκη, πριν εκπνεύσει το δεύτερο δίμηνο των παρακολουθήσεων.",https://linkmix.co/11126355,44055
05/11/2020,"Ψηφίζεται ο νόμος 4745/2020. Μέσω του άρθρου 32, παράγραφος 4, εδάφιο γ, σταματά η αυτεπάγγελτη δίωξη των εγκλημάτων φοροδιαφυγής, μέχρι την οριστική έκδοση της πράξης επιβολής προστίμου από την ΑΑΔΕ ή μέχρι την έκδοση αμετάκλητης απόφασης των Διοικητικών Δικαστηρίων.",https://www.kodiko.gr/nomothesia/document/650141,44140
23/2/2021,"Υπογράφεται από τον Κ. Μητσοτάκη «Εξουσιοδότηση στον Γενικό Γραμματέα Πρωθυπουργού να υπογράφει «Με εντολή Πρωθυπουργού» έγγραφα, πράξεις και αποφάσεις που αφορούν στην Ε.Υ.Π.», η οποία θα δημοσιευτεί στις 18 Ιουνίου 2021 στο ΦΕΚ 2659. Με βάση την απόφαση, ο Γ. Δημητριάδης εξουσιοδοτείται μεταξύ άλλων να υπογράφει αντί του Πρωθυπουργού «στον καθορισμό της ειδικότερης διαδικασίας συγκρότησης και λειτουργίας του Συμβουλίου Πληροφοριών της ΕΥΠ, του τρόπου λήψης αποφάσεων, των αρμοδιοτήτων και κάθε άλλου σχετικού θέματος (...) στον καθορισμό και την προκήρυξη των προς πλήρωση θέσεων του πολιτικού προσωπικού στην ΕΥΠ, του αριθμού αυτών κατά κατηγορία, κλάδο και ειδικότητα, της διαδικασίας διεξαγωγής του διαγωνισμού (...) στην έγκριση του εσωτερικού κανονισμού της ΕΥΠ»",https://linkmix.co/12871042,44250
09/03/2021,"Ψηφίζεται ο νόμος 4782/2021. Με βάση τα άρθρα 21 και 168, το άρθρο 33 του 3433/2006 τροποποιείται ως εξής: 1) Μειώνεται το ανώτατου όριο εγγύησης συμμετοχής από το 5% σε 2% 2) Μειώνεται το ανώτατου όριο εγγύησης καλής εκτέλεσης σε 5% από 10% 3) Καταργείται η απαίτηση εγγύησης συμμετοχής στις συμφωνίες-πλαίσιο και στις διαδικασίες διαπραγμάτευσης χωρίς δημοσίευση προκήρυξης.",https://linkmix.co/11624061,44264
10/03/2021,Η ΑΔΑΕ απευθύνεται στην Εισαγγελέα της Ε.Υ.Π. για το αν συντρέχουν οι προϋποθέσεις του νόμου για την ενημέρωση του Θ. Κουκάκη σχετικά με την άρση του απορρήτου του. ,https://linkmix.co/11126355,44265
13/03/2021,"Δημοσιεύεται στη Le Monde σκίτσο του 12χρονου Τζαμάλ από τη Συρία, ο οποίος ζούσε στο Προαναχωρησιακό Κέντρο Κράτησης στην Κω. Η ζωγραφιά είχε κατατεθεί σε διαγωνισμό που διοργάνωσαν τα Ηνωμένα Έθνη και η Ύπατη Αρμοστεία του ΟΗΕ για τους Πρόσφυγες (UNHCR), για τη συμπλήρωση δέκα χρόνων από την έναρξη του πολέμου στη Συρία και αρχικά εκτέθηκε στο Μουσείο Ευρωπαϊκών και Μεσογειακών Πολιτισμών της Μασσαλίας, από όπου και το πήρε η Le Monde για ένα ειδικό κυριακάτικο ένθετο. Σήμα της Ε.Υ.Π. δείχνει ότι η υπηρεσία ζητούσε πληροφορίες για το 12χρονο προσφυγόπουλο, αλλά και δημοσιογράφου που προετοίμαζε σχετικό ρεπορτάζ.",https://linkmix.co/12006210,44268
31/3/2021,"Μέσω του ν.4790/2021 (άρθρο 87) στερείται αναδρομικά από την ΑΔΑΕ η δυνατότητα να γνωστοποιεί στους πολίτες την άρση του απορρήτου των επικοινωνιών τους από την Ε.Υ.Π., αν ο λόγος της παρακολούθησής τους αφορά την εθνική ασφάλεια. Υπέρ της τροπολογίας ψήφισαν η Νέα Δημοκρατία και το ΚΙΝΑΛ, κατά ΣΥΡΙΖΑ και ΚΚΕ, παρών Ελληνική Λύση και ΜέΡΑ25.",https://linkmix.co/12008072,44286
12/07/2021,"Στέλνεται μήνυμα παγίδευσης μέσω predator στο κινητό του Θ. Κουκάκη. «Θανάση γνωρίζεις για αυτό το θέμα», έγραφε το μήνυμα που συνοδευόταν από ένα link προς το blogspot.edolio5[.]com. Το κινητό μολύνεται με το Predator τουλάχιστον έως τις 24 Σεπτεμβρίου 2021.",https://linkmix.co/11125325,44389
12/09/2021,"Η Ε.Υ.Π. αίρει το απορρήτο του τηλεφώνου του Ν. Ανδρουλάκη, με την επίκληση λόγου εθνικής ασφάλειας.",https://www.kathimerini.gr/politics/562036996/ena-eggrafo-sozetai-apo-ton-fakelo-androylaki/,44451
21/09/2021,"Στέλνεται γραπτό μήνυμα παγίδευσης μέσω Predator στο κινητό του τότε υποψήφιου για την προεδρία του Κινήματος Αλλαγής (ΠΑΣΟΚ), Νίκου Ανδρουλάκη. Το μήνυμα φαίνεται να διαβάστηκε μία ώρα μετά τη λήψη του, αλλά ο Ν. Ανδρουλάκης δεν πάτησε ποτέ το λινκ και η απόπειρα παγίδευσης ήταν αποτυχημένη.",https://linkmix.co/11153260,44460
13/11/2021,"Άρθρο της Εφημερίδας των Συντακτών αποκαλύπτει τις παρακολουθήσεις αντιεμβολιαστών, τον Ιούλιο του 2020, και του 12χρονου Τζαμάλ, το Μάρτη του 2021. Με αφορμή το άρθρο εκδίδεται ανακοίνωση του τομεάρχη Προστασίας του Πολίτη του ΣΥΡΙΖΑ, Χρήστου Σπίρτζη, όπου καταγγέλονται οι παρακολουθήσεις.",https://linkmix.co/11508623,44513
15/11/2021,"Επιβεβαιώνεται η ταυτότητα του Σταύρου Μαλιχούδη, ως ο δημοσιογράφος του Solomon για τον οποίο η Ε.Υ.Π. έκανε ονομαστική αναφορά, σε εσωτερικά της σήματα, σχετικά με την υπόθεση του 12χρονου Τζαμάλ.",https://linkmix.co/11125257,44515
15/11/2021,Νέα ανακοίνωση του Χ. Σπίρτζη μετά τις αποκαλύψεις της ΕΦ.ΣΥΝ. για αλλαγές στις διαδικασίες προσλήψεων στην Ε.Υ.Π..,https://linkmix.co/11509061,44515
15/11/2021,Στέλνεται μήνυμα παγίδευσης στο κινητό του Χ. Σπίρτζη με το Predator που είχε σαν link το efsyn.news αντί για το efsyn.gr.,https://web.archive.org/web/20220909175834im_/https://www.spirtzis.gr/wp-content/uploads/2022/09/01.jpg,44515
19/11/2021,Στέλνεται δεύτερο μήνυμα στον Χ. Σπίρτζη με στόχο την παγίδευση του κινητού τηλεφώνου του.,https://web.archive.org/web/20220909175834im_/https://www.spirtzis.gr/wp-content/uploads/2022/09/02.jpg,44519
23/11/2021,"Απόπειρα παγίδευσης υπαλλήλου της Ε.Υ.Π. μέσω Predator. Ακολουθούν παρόμοιες απόπειρες και σε υπαλλήλους της υπηρεσίας, οι οποίοι είχαν στείλει εξώδικη διαμαρτυρία επωνύμως στον πρωθυπουργό Κ. Μητσοτάκη, διαμαρτυρόμενοι για το ότι είχαν μετακινηθεί σε νέες υποδιευθύνσεις, «θέσεις-ψυγεία», χωρίς αντικείμενο εργασίας και χωρίς να τους ενημερώνει κανείς για τίποτα. Την ίδια περίοδο είχαν απευθύνει αναφορές στον διοικητή Ε.Υ.Π., Π. Κοντολέοντα, χωρίς να λάβουν καμία απάντηση. Οι απόπειρες αποκαλύπτονται σε άρθρο της ΕΦ.ΣΥΝ. στις 6 Σεπτεμβρίου 2022.",https://linkmix.co/11469369,44523
26/11/2021,"Ο Γ. Γεραπετρίτης, απαντώντας στο Γαλλικό Πρακτορείο Ειδήσεων, συνεργάτης του οποίου είναι ο Σ. Μαλιχούδης, αναφέρει πως «δεν υπάρχει παρακολούθηση δημοσιογράφων στην Ελλάδα».",https://twitter.com/FPAGreece/status/1464201680094994432,44526
14/12/2021,"Σύμφωνα με δημοσιογραφικές πληροφορίες, σταματάει η επί τρεις μήνες παρακολούθηση του Ν. Ανδρουλάκη από την Ε.Υ.Π., δύο μέρες μετά την εκλογή του στην Προεδρία του ΠΑΣΟΚ.",https://www.ieidiseis.gr/politiki/157811/i-parakoloythisi-tou-androulaki-fainetai-na-eixe-sxesi-me-tin-kina,44544
16/12/2021,"Έρευνα της Meta και του Citizen Lab αποκαλύπτει ότι πελάτες της Cytrox, της εταιρείας που αρχικά παρήγαγε το λογισμικό Predator, βρίσκονται και στην Ελλάδα και, από τις 310 ταυτοποιημένες πλαστές ιστοσελίδες που διακινεί το Predator, οι 42 στόχευαν εντός Ελλάδας.",https://linkmix.co/12765826,44546
17/12/2021,Λήξη προθεσμίας ενσωμάτωσης της οδηγίας για τους whistleblowers. Μέχρι και σήμερα η οδηγία δεν έχει ενσωματωθεί.,https://whistleblowingmonitor.eu/,44547
28/3/2022,"Ο Θανάσης Κουκάκης ενημερώνεται από το Citizen Lab του Πανεπιστημίου του Τορόντο για την παραβίαση του απορρήτου των επικοινωνιών του και την παγίδευση του κινητού του μέσω Predator, μεταξύ 12 Ιουλίου και 24 Σεπτεμβρίου 2021.",https://linkmix.co/11125325,44648
11/4/2022,Το Inside Story αποκαλύπτει την παρακολούθηση του Θ. Κουκάκη με το λογισμικό Predator.,https://insidestory.gr/article/poios-parakoloythoyse-kinito-toy-dimosiografoy-thanasi-koykaki,44662
12/4/2022,"Οι Έλληνες και ξένοι εργαζόμενοι της Intellexa σταματούν να πηγαίνουν κάθε μέρα στα γραφεία της εταιρείας στο Ελληνικό για δουλειά και αρχίζουν να εργάζονται εξ αποστάσεως, μετά από απόφαση της ηγεσίας της εταιρείας και του ίδιου του Ταλ Ντίλιαν. Λίγες ημέρες αργότερα, μετά και την αποκάλυψη των Reporters United για την παρακολούθηση του Θ. Κουκάκη από την ΕΥΠ, υπάλληλοι της Intellexa που δουλεύουν εκεί καιρό λαμβάνουν εντολή να αδειάσουν τα δύο υπόγεια των γραφείων από τους servers που ήταν εγκατεστημένοι εκεί.",https://insidestory.gr/article/predatorgate-i-intellexa-menei-stin-ellada,44663
13/04/2022,"Ανακοίνωση του Δ.Σ. της ΕΣΗΕΑ, όπου μεταξύ άλλων αναφέρεται: «Να διερευνηθούν αμέσως οι καταγγελίες του συναδέλφου Θανάση Κουκάκη για παραβίαση απορρήτου των επικοινωνιών του»",https://www.esiea.gr/na-diereynithoyn-amesos-oi-kataggelie/,44664
22/04/2022,7 διεθνείς δημοσιογραφικές ενώσεις ζητούν απαντήσεις από την Ελληνική κυβέρνηση για την παρακολούθηση του Θ. Κουκάκη.,https://www.mfrr.eu/greece-letter-to-government-after-spyware-surveillance-of-journalist-thanasis-koukakis/,44673
27/5/2022,"Ο Τάσος Τέλλογλου αναφέρει: ""Στο Κολωνάκι, άρπαξα έναν άνδρα της Υπηρεσίας Εσωτερικών Υποθέσεων της ΕΛΑΣ που με ακολουθούσε σε ραντεβού.""",https://www.youtube.com/watch?v=5VySTM2-ly0,44708
28/5/2022,"Ο Γ. Δημητριάδης βαφτίζει το δεύτερο παιδί του Γ. Λαβράνου στο Island Club στη Βάρκιζα. Στη βάφτιση του πρώτου παιδιού του Γ. Λαβράνου το 2017, επίσης στο Island Club, παρόντες ήταν οι Θάνος Πλεύρης (μετέπειτα Υπουργός Υγείας), Κωνσταντίνος Τσουβάλας (πρώην γενικός γραμματέας Προστασίας Πολίτη) και Νίκος Παναγιωτόπουλος (μετέπειτα Υπουργός Άμυνας), η σύζυγος του οποίου ήταν νονά. Δεύτερος νονός σε εκείνη τη βάφτιση ήταν ο Γιώργος Μπιθαράς, στον οποίο ο Γ. Δημητριάδης πούλησε εταιρεία φωτοβολταϊκών ενόσω ήταν ΓΓ του Πρωθυπουργού.",https://www.efsyn.gr/politiki/366681_skandalo-ypoklopon-pos-stithike-o-istos-kybernisis-labranoy,44709
03/06/2022,"Έρευνα του Reporters United που δημοσιεύεται στο πρωτοσέλιδο της ΕΦ.ΣΥΝ. Σύμφωνα με την έρευνα, ο Γρηγόρης Δημητριάδης, ενόσω είναι ΓΓ του Πρωθυπουργού, ξεκινάει επιχειρηματική δραστηριότητα που, μέσω αγοραπωλησιών εταιρειών, συνδέεται με φυσικά και νομικά πρόσωπα, τα οποία με τη σειρά τους συνδέονται έμμεσα ή άμεσα στην υπόθεση των υποκλοπών, συγκεκριμένα: 1) με την Intellexa, εταιρεία που εμπορεύεται στην Ελλάδα το παράνομο λογισμικό Predator, 2) με την Krikel, που φέρεται να προμήθευσε λογισμικό υποκλοπών στο Δημόσιο.",https://www.reportersunited.gr/8948/o-megalos-anipsios-ki-o-megalos-aderfos/,44715
09/06/2022,"Εξώδικο του Γ. Δημητριάδη προς (διεύθυνση και δημοσιογράφους) ΕΦ.ΣΥΝ. και Reporters United, με αφορμή την έρευνα που τον συνδέει με τις εταιρείες Intellexa και Krikel.",https://linkmix.co/11126899,44721
10/06/2022,Κατατίθεται μήνυση του Θ. Κουκάκη κατά παντός υπευθύνου για την παρακολούθησή του.,https://twitter.com/nasoskook/status/1535157855023681536,44722
28/06/2022,Ο N. Ανδρουλάκης ενημερώνεται από την αρμόδια υπηρεσία CERT του Ευρωπαϊκού Κοινοβουλίου ότι είχε γίνει απόπειρα να παγιδευτεί το κινητό του με το πρόγραμμα παρακολούθησης Predator.,https://linkmix.co/11153260,44740
04/07/2022,Δημοσιεύεται στο ΦΕΚ 1600 - 04.07.2022  η προαγωγή του Ισιδώρου Ντογιάκου από Αντιεισαγγελέα σε Εισαγγελέα του Αρείου Πάγου.,http://www.et.gr/idocs-nph/search/pdfViewerForm.html?args=5C7QrtC22wGGrezhDLcpZ3dtvSoClrL8xcreXeJIx8vNZ8op6Z_wSuJInJ48_97uMz9TggzOs5WCiBSQOpYnTy36MacmUFCx2ppFvBej56Mmc8Qdb8ZfRJqZnsIAdk8Lv_e6czmhEembNmZCMxLMtY3GW39P8kHqYwz1mbWjDPEONdxGq7_kzcn_pacS7LBs,44746
14/07/2022,"Διαρρέει φερόμενος τιμοκατάλογος των υπηρεσιών της Intellexa. Μεταξύ άλλων, η παγίδευση συσκευών με λειτουργικό Android ή iOS κοστολογείται στα 8 εκ. ευρώ.",https://linkmix.co/12055521,44756
26/07/2022,O N. Ανδρουλάκης καταθέτει μήνυση στον Άρειο Πάγο σχετικά με την απόπειρα παγίδευσης και παρακολούθησης του κινητού του μέσω Predator.,https://linkmix.co/11153260,44768
28/07/2022,Ο Θανάσης Κουκάκης καταθέτει προσφυγή στο Ευρωπαϊκό Δικαστήριο Δικαιωμάτων του Ανθρώπου (ΕΔΔΑ).,https://linkmix.co/11355837,44770
29/07/2022,"Με αφορμή την απόπειρα παρακολούθησης του Ν. Ανδρουλάκη μέσω Predator, η επιτροπή θεσμών και διαφάνειας συνεδριάζει με θέμα την ακρόαση, σύμφωνα με το άρθρο 43Α του Κανονισμού της Βουλής, του Διοικητή της Ε.Υ.Π., Π. Κοντολέοντος και του Προέδρου της Αρχής Διασφάλισης του Απορρήτου των Επικοινωνιών (Α.Δ.Α.Ε.), κ. Χρήστου Ράμμου, κατόπιν σχετικών αιτημάτων. Οι συζητήσεις για τη δραστηριότητα της Ε.Υ.Π. είναι απόρρητες και τα μέλη της δεσμεύονται να τηρούν το απόρρητο αυτό και μετά τη λήξη της θητείας τους.",https://linkmix.co/11181064,44771
29/07/2022,"Σύμφωνα με τρεις βουλευτές που συμμετείχαν στην Επιτροπή Θεσμών και Διαφάνειας, Π. Κοντολέων και Γ. Γεραπετρίτης αρνήθηκαν ότι η Ε.Υ.Π. παρακολουθούσε πολιτικούς.",https://linkmix.co/11181325,44771
29/07/2022,"Ο Π. Κοντολέων διατάσσει την καταστροφή του αρχείου παρακολούθησης του Ν. Ανδρουλάκη. Αυτό φέρεται να αποκάλυψε στις 20 Σεπτεμβρίου 2022, στην μετέπειτα Εξεταστική Επιτροπή για την υπόθεση των υποκλοπών, ο Χ. Ράμμος (επικεφαλής ΑΔΑΕ).",https://www.tanea.gr/2022/09/20/politics/vomva-rammou-gia-tin-katastrofi-tou-arxeiou-androulaki-rixnei-ladi-sti-fotia/,44771
04/08/2022,"Έρευνα Reporters United και ΕΦ.ΣΥΝ. αποκαλύπτουν συνδέσεις μεταξύ του Γ. Δημητριάδη και του Φέλιξ Μπίτζιου, πρώην στελέχους του ομίλου Libra που κατείχε το 35% της εταιρείας Intellexa στην Ελλάδα μέσω μιας κυπριακής εταιρείας ονόματι Santinomo Ltd. Την ίδια ακριβώς ημέρα, με καθυστέρηση 18 μηνών, δημοσιεύεται στον Έφορο Εταιρειών Κύπρου αλλαγή στη Santinomo, η οποία πλέον εμφανιζόταν να έχει πουληθεί στη μητρική της Intellexa στην Ιρλανδία. Στη 1 Οκτώβρη 2022, το inside story αποκάλυψε ότι η Santinomo εξακολουθεί να ανήκει στον Φ. Μπίτζιο έως σήμερα.",https://linkmix.co/12008806,44777
05/08/2022,"Παραιτείται ο Γ. Δημητριάδης από ΓΓ του Πρωθυπουργού. Σύμφωνα με κυβερνητικές πηγές, «η παραίτησή του οφείλεται στο κλίμα τοξικότητας που έχει αναπτυχθεί γύρω από το πρόσωπό του και τη στοχοποίησή του από μερίδα των μέσων ενημέρωσης» και «δεν σχετίζεται καθ' οιονδήποτε τρόπο με την υπόθεση των παρακολουθήσεων».",https://www.cnn.gr/politiki/story/323490/paraitithike-o-grigoris-dimitriadis-stenos-synergatis-toy-prothypoyrgoy,44778
05/08/2022,Παραιτείται ο Π. Κοντολέων από διοικητής της Ε.Υ.Π..,https://www.kathimerini.gr/politics/561988267/paraitithike-o-dioikitis-tis-eyp-panagiotis-kontoleon-sti-thesi-toy-o-themistoklis-demiris/,44778
05/08/2022,"Μήνυση Γ. Δημητριάδη σε Θ. Κουκάκη, ΕΦ.ΣΥΝ & Ρeporters United για ποσό που ξεπερνά το μισό εκατομμύριο.",https://twitter.com/reporters_gr/status/1555596206222577664?ref_src=twsrc%5Etfw%7Ctwcamp%5Etweetembed%7Ctwterm%5E1555596206222577664%7Ctwgr%5E91212de835fad39a6d4407316ab40ef91aeca26a%7Ctwcon%5Es1_c10&ref_url=https%3A%2F%2Fwww.reportersunited.gr%2F9598%2Fpredatorgate-dimitriadis-agoges%2F,44778
05/08/2022,"Η κυβέρνηση δηλώνει ότι προσπάθησε να ενημερώσει τηλεφωνικά, μέσω του Γ. Γεραπετρίτη, τον Ν. Ανδρουλάκη σχετικά με την παρακολούθησή του.",https://linkmix.co/11522091,44778
05/08/2022,Αίτημα Ν. Ανδρουλάκη για σύσταση εξεταστικής επιτροπής για τη διερεύνηση πολιτικών ευθυνών για τις παρακολουθήσεις. «Ναι» από την κυβέρνηση σε εξεταστική επιτροπή εφόσον κατατεθεί αίτημα.,https://linkmix.co/12007768,44778
05/08/2022,"Ο εισαγγελέας του Αρείου Πάγου Ι. Ντογιάκος ξεκινάει ποινική προκαταρκτική έρευνα για την πιθανή διαρροή στοιχείων που περιέχονται σε άκρως απόρρητα κρατικά έγγραφα που αφορούν, όπως επισημαίνεται από την Εισαγγελία του Αρείου Πάγου, «τη διαδικασία άρσεως του απορρήτου των επικοινωνιών επί θεμάτων, που άπτονται της εθνικής ασφάλειας της χώρας».",https://www.capital.gr/epikairotita/3651600/ereuna-eisaggelea-ntogiakou-gia-diarroi-aporriton-stoixeion-apo-nomimes-parakolouthiseis-sto-stoxastro-kratikoi-upalliloi-kai-adae,44778
06/08/2022,Ανακοινώσεις στήριξης διεθνών φορεών στους δημοσιογράφους που μηνύθηκαν από τον Γ. Δημητριάδη.,https://linkmix.co/11144165,44779
06/08/2022,"Η ΑΔΑΕ ενημερώνεται από τον πάροχο κινητής τηλεφωνίας, αλλά όχι από την Ε.Υ.Π., σχετικά με την παρακολούθηση Ανδρουλάκη, μετά από σχετικό αίτημα που κατέθεσε στις 4 Αυγούστου.",https://linkmix.co/11402361,44779
08/08/2022,Στήριξη ΕΣΗΕΑ προς τους δημοσιογράφους που μηνύθηκαν από τον Γ. Δημητριάδη.,https://www.esiea.gr/katadikazoyme-tis-agoges-kata-dimosi/,44781
08/08/2022,Δήλωση Κ. Μητσοτάκη για τις υποκλοπές.,https://youtu.be/ivFkoZVAWz8,44781
08/08/2022,Αίτημα Α. Τσίπρα να ανοίξει η Βουλή και να συζητήσει εκτάκτως το θέμα των παρακολουθήσεων,https://linkmix.co/11161081,44781
08/08/2022,Έκθεση πεπραγμένων ΑΔΑΕ 2021: 15.475 εισαγγελικές διατάξεις άρσης απορρήτου για λόγους Εθνικής Ασφάλειας. (βλέπε διάγραμμα 12),http://www.adae.gr/fileadmin/press/EKTHESI_PEPRAGMENON_ADAE_2021.pdf,44781
09/08/2022,"«Η διασφάλιση του απορρήτου των επικοινωνιών, απαραίτητος όρος για τη δημοκρατική λειτουργία του Πολιτεύματος»: Ανακοίνωση της ολομέλειας των προέδρων των Δικηγορικών Συλλόγων Ελλάδος με αφορμή τις υποκλοπές.",http://olomeleia.gr/el/content/i-diasfalisi-toy-aporritoy-ton-epikoinonion-aparaititos-oros-gia-ti-dimokratiki-leitoyrgia,44782
09/08/2022,Με Πράξη Νομοθετικού Περιεχομένου νομοθετούνται επείγουσες διατάξεις για την ενίσχυση της ακεραιότητας στη λειτουργία της Εθνικής Υπηρεσίας Πληροφοριών. Επαναφέρονται δύο εισαγγελείς στην εποπτεία της Ε.Υ.Π. και καθιερώνεται για πρώτη φορά ακρόαση του διοικητή της υπηρεσίας από την Επιτροπή Θεσμών και Διαφάνειας της Βουλής.,https://linkmix.co/11228381,44782
11/08/2022,"Ο Θ. Κουκάκης θέτει δημόσια αιτήματα προς τον εισαγγελέα του Αρείου Πάγου, Ι. Ντογιάκο, εν όψει της κλήσης του για κατάθεση.",https://threadreaderapp.com/thread/1557592723892408320.html,44784
14/08/2022,"Σύμφωνα με άρθρο της Καθημερινής, η Ε.Υ.Π. παρακολουθούσε ακόμα 7 ή 8 πολιτικά πρόσωπα με το σύστημα «νόμιμης» επισύνδεσης.",https://linkmix.co/11155434,44787
16/08/2022,"Κατάθεση υπομνήματος του Θ. Κουκάκη στον Ι. Ντογιάκο, όπου αναφέρεται ότι η συζήτηση με τον εισαγγελέα εστίασε στην πρώτη παρακολούθησή από την Ε.Υ.Π., ωστόσο δεν υπεισήλθε, όπως θα ήθελε ο δημοσιογράφος, στις λεπτομέρειες της δεύτερης παρακολούθησης από το λογισμικό Predator.",https://www.efsyn.gr/politiki/355705_ypomnima-koykaki-se-ntogiako-den-eimai-o-monos-dimosiografos-poy-parakoloytheitai,44789
18/08/2022,Ανακοίνωση μελών του ΔΣ της Ένωσης Δικαστών και Εισαγγελέων με αφορμή τις υποκλοπές.,https://ende.gr/%ce%bf-%cf%81%cf%8c%ce%bb%ce%bf%cf%82-%cf%84%ce%b7%cf%82-%ce%b4%ce%b9%ce%ba%ce%b1%cf%83%cf%84%ce%b9%ce%ba%ce%ae%cf%82-%ce%b5%ce%be%ce%bf%cf%85%cf%83%ce%af%ce%b1%cf%82-%cf%83%cf%84%ce%b7-%ce%b4%ce%b9/,44791
22/08/2022,"Διάσκεψη των Προέδρων της Βουλής. Σύμφωνα με τον Οδυσσέα Κωνσταντινόπουλο, όταν ζητήθηκε από την κυβέρνηση να φέρει στοιχεία στην επιτροπή θεσμών διαφάνειας για την περίοδο Τσίπρα-Καμμένου καθώς και Σαμαρά, Δένδια, Κικίλια που είχαν την ευθύνη της Ε.Υ.Π. ώστε να διευρενηθούν, υπήρξε άρνηση.",https://www.facebook.com/KonstantinopoulosOdysseas/posts/pfbid0U57jK834Nk8XYVaac9akgRbUwvrzLEw389CefBiLfmMqCcf9ZvnNXekLdxZvHZPyl?__cft__[0]=AZVX650x6xpU9rSOyC0SXjSaGaCogeo9M3ettl5Y1RciuR_Y-yowOhgAOach7Dfwy_I8x_vmpV-VeWstYXRVAH-LKwhDlRq3KsrgZ_6eZo0_GSyMbLYKksq2oYCZFhcATZ4kyfLvt624nIAJElJB4We6ngGp0eZQyq7c05LB1uiHbg&__tn__=%2CO%2CP-R,44795
24/08/2022,"Ακρόαση από την επιτροπή θεσμών και διαφάνειας του νέου διοικητή της Ε.Υ.Π., Θεμιστοκλή Δεμίρη. Σύμφωνα με βουλευτές της αντιπολίτευσης σε ερωτήσεις μελών της Επιτροπής Θεσμών και Διαφάνειας από όλα τα κόμματα της αντιπολίτευσης για το εάν παρακολουθούνται και άλλοι πολιτικοί και δημοσιογράφοι, πέραν των Ν. Ανδρουλάκη και Θ. Κουκάκη, ο Θεμιστοκλής Δεμίρης απάντησε: «Έχω πλήρη έλεγχο της υπηρεσίας τις τελευταίες 15 μέρες, κανείς δεν εξαιρείται…». Δεν υπήρξε καμία διάψευση ή διευκρίνιση παρά τις συνεχείς ερώτησεις προς τον ίδιο μετά την επίμαχη δήλωση.",https://linkmix.co/11251569,44797
24/08/2022,"Άρθρο του Ευρωβουλευτή του ΣΥΡΙΖΑ Στέλιου Κούλογλου στο tvxs, όπου περιγράφονται οι σχέσεις Γ. Δημητριάδη με τον Φέλιξ Μπίτζιο και το Γιάννη Λαβράνο, έναν από τους κύριους προμηθευτές συστημάτων υψηλής τεχνολογίας στην ΕΛ.ΑΣ. και κουμπάρο του Γ. Δημητριάδη.",https://tvxs.gr/news/egrapsan-eipan/konsortsioym-poios-epixeirimatias-eksasfalise-predator-gia-tin-kybernisi-mitsota,44797
25/08/2022,Εξώδικα του Φέλιξ Μπίτζιου προς 1) ΕΦ.ΣΥΝ. και Reporters United & 2) Σ. Κούλογλου και tvxs.,https://linkmix.co/11357499,44798
25/08/2022,Συλλαλητήριο για τις υποκλοπές στο Σύνταγμα από 17 οργανώσεις της Αριστεράς.,https://prin.gr/2022/08/syllalhthrio-ypoklopes-25-8/,44798
26/08/2022,Συζήτηση προ Ημερησίας Διατάξεως για τις παρακολουθήσεις από την υπαγόμενη στον Πρωθυπουργό Ε.Υ.Π. πολιτικών αντιπάλων του και δημοσιογράφων.,https://www.hellenicparliament.gr/Praktika/Synedriaseis-Olomeleias?sessionRecord=6629be0c-834c-43a4-ae17-aefd01339b7b,44799
29/08/2022,"Δελτίο Τύπου της Α.Δ.Α.Ε. Ανακοινώνεται η διεξαγωγή ελέγχων στο αμέσως επόμενο χρονικό διάστημα, στις ακόλουθες υπηρεσίες: Εθνική Υπηρεσίας Πληροφοριών (Ε.Υ.Π.), Διεύθυνση Αντιμετώπισης Ειδικών Εγκλημάτων Βίας της Ελληνικής Αστυνομίας (ΔΑΕΕΒ) και Διεύθυνση Διαχείρισης και Ανάλυσης Πληροφοριών της Ελληνικής Αστυνομίας (ΔΙΔΑΠ). ",http://www.adae.gr/nomothetiko-plaisio/leptomereies/article/b-deltio-typoy-tis-adae-29082022-b/,44802
29/08/2022,"Γ. Γεραπετρίτης στον ΣΚΑΙ 100,3: «Δεν ξέρουμε τους λόγους της παρακολούθησης Ανδρουλάκη, αλλά προφανώς δεν προέκυψε κανένα στοιχείο» (timestamp 20:37-21:44)",https://linkmix.co/11351239,44802
29/08/2022,Ειδική ημερήσια διάταξη της ολομέλειας της βουλής. Η Πρόταση ΚΙΝΑΛ για σύσταση Εξεταστικής Επιτροπής της υπόθεσης παραβίασης του απορρήτου των επικοινωνιών του Προέδρου του ΠΑΣΟΚ-Κινήματος Αλλαγής και ευρωβουλευτή Ν. Ανδρουλάκη γίνεται δεκτή από σύσσωμη την αντιπολίτευση (πλην του απώντα Κουρουμπλή). Παρών από ΝΔ.,https://www.hellenicparliament.gr/UserFiles/a08fc2dd-61a9-4a83-b09a-09f4c564609d/20220829001457_1.docx,44802
29/08/2022,"20η συνεδρίαση του δημοτικού συμβουλίου Αθηνών. Καταψηφίζεται από την παράταξη Κ. Μπακογιάννη η πρόταση του Π. Γερουλάνου να ενταχθεί στην ημερήσια διάταξη η πρόταση ψηφίσματος που κατέθεσε πρόσφατα για την καταδίκη της παρακολούθησης του προέδρου του ΠΑΣΟΚ, Νίκου Ανδρουλάκη. Οι αριστερές παρατάξεις της αντιπολίτευσης αποχωρούν. (timestamp 2:24:20-2:35:12)",https://linkmix.co/11365397,44802
29/08/2022,Εγκρίνεται από τη Βουλή η πρόταση Ανδρουλάκη για σύσταση εξεταστικής επιτροπής για τις παρακολουθήσεις.,https://www.kathimerini.gr/politics/562017874/parakoloythiseis-egkrithike-me-142-nai-i-protasi-toy-pasok-gia-exetastiki-epitropi/,44802
30/08/2022,"Σύμφωνα με άρθρο της ΕΦ.ΣΥΝ, συντελείται επιχείρηση καταστροφής εγγράφων και αποδείξεων στην ΕΥΠ και στο ΚΕΤΥΑΚ από τη στιγμή που η ΑΔΑΕ ανακοίνωσε τη διενέργεια ελέγχων. Ο Σύριζα αποστέλλει αντιπροσωπεία, η οποία μεταβαίνει στην Ε.Υ.Π., ώστε να ζητήσει άμεση συνάντηση με τον νέο Διοικητή της Ε.Υ.Π., κ. Δεμίρη, για εξηγήσεις.",https://linkmix.co/11352911,44803
30/08/2022,H επιτροπή PEGA ανακοινώνει ότι θα πραγματοποιήσει ανταλλαγή απόψεων για την Ελλάδα και το λογισμικό κατασκοπείας την επόμενη εβδομάδα (8/9/2022),https://twitter.com/Europarl_EL/status/1564915240407633920,44803
31/08/2022,"Συνέντευξη Ν. Ανδρουλάκη στον ΣΚΑΪ 100,3. Καταγγελία παρακολούθησής του με απώτερο σκοπό τον εκβιασμό. (7:10-7:26) Προαναγγελία προσφυγής στο ΕΔΔΑ (10:12-10:18)",https://linkmix.co/11366908,44804
31/08/2022,Δηλώσεις Τσίπρα μετά την επίσκεψή του στην Α.Δ.Α.Ε.: «Να κάνει άμεσα έρευνα η ΑΔΑΕ για το αν και πόσοι ακόμα βουλευτές και ευρωβουλευτές παρακολουθούνται».,https://linkmix.co/11372080,44804
31/8/2022,"Το Inside Story δημοσιεύει αναλυτικό ρεπορτάζ για τη σύνθεση των Intellexa και ΚΡΙΚΕΛ. Την ίδια ημέρα, η Intellexa απολύει όλο το προσωπικό της, συνολικά 18 άτομα, πλην της HR manager η οποία αποχωρεί δέκα μέρες αργότερα.",https://linkmix.co/12427344,44804
01/09/2022,"Συνεδρίαση της επιτροπής θεσμών και διαφάνειας με θέμα ημερήσιας διάταξης: Ακρόαση εξωκοινοβουλευτικών προσώπων, κατόπιν σχετικών αιτημάτων Βουλευτών-μελών της Επιτροπής, σύμφωνα με το άρθρο 41Α του Κανονισμού της Βουλής. Διαρροές: 1) Έπειτα από τη διαφοροποίηση του Κώστα Τζαβάρα αποφασίζεται γκρουπ ακροάσεων. Στο πρώτο μετείχαν οι πρώην διοικητές της Ε.Υ.Π., Παναγιώτης Κοντολέων, Γιάννης Ρουμπάτης (διοικητής Ε.Υ.Π. επί Σύριζα) και Θοδωρής Δραβίλλας (διοικητής Ε.Υ.Π. επί Σαμαρά), ενώ μαζί τους συμπεριλήφθηκε και ο Γρηγόρης Δημητριάδης. Το δεύτερο γκρουπ αποτελούταν από τον νυν διοικητή της Ε.Υ.Π., Θεμιστοκλή Δεμίρη, τον υπουργό Επικρατείας, Γιώργο Γεραπετρίτη, τον Χρήστο Ράμμο (επικεφαλής της ΑΔΑΕ), την αρμόδια εισαγγελέα για την Ε.Υ.Π., Βασιλική Βλάχου, αλλά και τον Κώστα Τζαβέλλα (Εισαγγελέας Εφετών, αρμόδιος για την Αντιτρομοκρατική επί Σύριζα) 2) Γ. Ρουμπάτης: «Καμία παρακολούθηση πολιτικού επί ΣΥΡΙΖΑ-Ευθύνεται ο πάροχος κινητής τηλεφωνίας για την παρακολούθηση του τηλεφωνικού κέντρου του ΚΚΕ» 3) Π. Κοντολέων: «Ουδέποτε ο πρωθυπουργός ή το γραφείο του ενημερώνονταν για αποφάσεις άρσης του απορρήτου των επικοινωνιών-Ενημερώσεις γίνονταν με υπηρεσιακά σημειώματα για τα αποτελέσματα ερευνών μόνο αν αυτό κρινόταν απαραίτητο» 4) Γ. Δημητριάδης: Παραδέχτηκε πως γνωρίζει το Γιάννη Λαβράνο (Krikel). Ωστόσο, αρνήθηκε ότι γνωρίζει τον έτερο επιχειρηματία, Φέλιξ Μπίτζιο (Intellexa). 5) Τζαβέλλας: «Ισχύει το καθήκον εχεμύθιας» 6) Βλάχου (αναφορικά με τον έλεγχο που προηγείται μίας άρσης απορρήτου και τι στοιχεία γίνονται γνωστά στην ίδια): «Ζήτησα να προσκομίζεται κάθε αναγκαίο στοιχείο. Το αίτημα έχει έξι υπογραφές υπηρεσιακών. Αν δεν ικανοποιούνται, απορρίπτω. Υπάρχει ουσιαστικός έλεγχος. Έχουν απορριφθεί περί τα 140 αιτήματα άρσης απορρήτου.» 7) Χ. Ράμμος: «Η παρακολούθηση Ανδρουλάκη δεν έγινε γνωστή από την Υπηρεσία, αλλά από τον πάροχο κινητής τηλεφωνίας.» 8) Ι. Δεμίρης: «Έχω ενημερώσει τον πρωθυπουργό για τις νόμιμες επισυνδέσεις» 9) Κοντολέων-Δημητριάδης-Βλάχου: Επίκληση στο απόρρητο. Άγνωστα παραμενούν το ποιοί ήταν οι λόγοι παρακολούθησης Κουκάκη-Ανδρουλάκη, αν έχουν καταστραφεί ή όχι οι φάκελοί τους καθώς και το πόσα ποιά πολιτικά παρακολουθούνταν. 10) Ρουμπάτης-Ράμμος-Τζαβάρας: «Δεν μπορεί να γίνεται επίκληση απορρήτου στην Επιτροπή Θεσμών και Διαφάνειας»",https://linkmix.co/11410329,44805
01/09/2022,"Περιφερειακό Συμβούλιο Αττικής: Ψήφισμα – καταδίκη της κυβέρνησης για το ζήτημα των υποκλοπών (48 υπερ, 41 κατά). ",https://linkmix.co/11403723,44805
02/09/2022,Ο Ξενοφών Κοντιάδης (Καθηγητής Δημοσίου Δικαίου και Δικαίου Κοινωνικής Ασφάλειας στο Τμήμα Δημόσιας Διοίκησης του Παντείου Πανεπιστημίου) εξηγεί τους νομικούς λόγους που η επίκληση στο απόρρητο ενώπιον της Επιτροπής Θεσμών και Διάφανειας είναι άτοπη.,https://linkmix.co/11466820,44806
04/09/2022,Στέλιος Πέτσας στο Mega. Παραδοχή ότι ο Γ. Γεραπετρίτης γνωρίζει το λόγο παρακολούθησης του Ν. Ανδρουλάκη. (10:05-11:19),https://linkmix.co/11447865,44808
05/09/2022,"Η Καθημερινή αποκαλύπτει τις 6 απόρρητες συμβάσεις της Krikel με το Ελληνικό Δημόσιο, για τη συντήρηση, ανανέωση και επέκταση του συστήματος επικοινωνιών Tetra Sepura της Ελληνικής Αστυνομίας και την προμήθεια συστήματος αντιπαρακολούθησης.",https://linkmix.co/11465410,44809
05/09/2022,Γιώργος Κατρούγκαλος (μέλος της Νομικής Επιτροπής της Κοινοβουλευτικής Συνέλευσης του Συμβουλίου της Ευρώπης): «Συζητήθηκε το ελληνικό Watergate κ τις επιπτώσεις του στις ελευθερίες και στο κράτος δικαίου. Η εξέταση της υπόθεσης θα συνεχιστεί με κλήση σε ακρόαση των εμπλεκομένων.»,https://linkmix.co/11468923,44809
06/09/2022,"Ο Κώστας Τζαβάρας καλεί δημόσια (μέσω άρθρου του) τον πρόεδρο της Επιτροπής Θεσμών να καλέσει εκ νέου τους Κοντολέοντα και Δημητριάδη να προσέλθουν εκ νέου ενώπιόν τους, αφού λάβουν άδεια από τον αρμόδιο υπουργό.",https://linkmix.co/11468576,44810
06/09/2022,Έκτακτος έλεγχος της Α.Δ.Α.Ε. στις εγκαταστάσεις της Ε.Υ.Π.,https://linkmix.co/11469845,44810
06/09/2022,"Την πρώτη της εκδήλωση πραγματοποίησε στην ΕΣΗΕΑ, η «Πρωτοβουλία Ώρα 0 για την Υπεράσπιση της Δημοκρατίας και του Κράτους Δικαίου» με θέμα το σκάνδαλο των υποκλοπών. Στην εκδήλωση μίλησαν, ο Θανάσης Καμπαγιάννης (δικηγόρος), ο Ξενοφών Κοντιάδης (Καθηγητής Παντείου Πανεπιστημίου), ο Νίκος Μαραντζίδης (Καθηγητής Πανεπιστημίου Μακεδονίας), η  Έλενα – Όλγα Χρηστίδη (ψυχολόγος Orlando LGBT+,), ενώ παρενέβη και η Ελίζα Τριανταφύλλου (δημοσιογραφος του Inside Story).Την συζήτηση συντόνιζε η Αθηνά Σκουλαρίκη (επίκουρη καθηγήτρια Πανεπιστημίου Κρήτης).",https://linkmix.co/11514818,44810
6/9/2022,"Η Ντόρα Μπακογιάννη δηλώνει, για όσους καλούνται να μιλήσουν στην Εξεταστική Επιτροπή, πως  «αν παραβιαστεί το απόρρητο αυτοί οι άνθρωποι θα πάνε 10 χρόνια φυλακή».",https://www.efsyn.gr/politiki/paraskinia/358254_akoystike-san-apeili-binteo,44810
07/09/2022,"Η εξεταστική επιτροπή για τις υποκλοπές συνεδρίασε με θέματα ημερήσιας διάταξης: 1) Εκλογή Προεδρείου 2) Συζήτηση επί διαδικαστικών θεμάτων Διαρροές: 1) Πριν την ψηφοφορία το ΠΑΣΟΚ-ΚΙΝΑΛ ζήτησε τη συγκρότηση διακομματικού προεδρείου (με πρόεδρο από τη Ν.Δ., αντιπρόεδρο από το ΠΑΣΟΚ και γραμματέα από τον ΣΥΡΙΖΑ), με το σκεπτικό ότι η πρωτοβουλία για σύσταση της Εξεταστικής ήταν του κόμματος αλλά και γιατί η απόφαση της Ολομέλειας για την συγκρότηση της Επιτροπής προήλθε σύμφωνα με την αναθεωρημένη διάταξη του Συντάγματος που παρέχει αυτή τη δυνατότητα και στα κόμματα της μειοψηφίας. 2)  Με την πρόταση σχηματισμού διακομματικού προεδρείου φέρεται να συμφώνησαν όλα τα κόμματα της αντιπολίτευσης. 3) Τελικά όμως στη μυστική ψηφοφορία πρόεδρος εξελέγη ο Γιάννης Κεφαλογιάννης (Ν.Δ.), αντιπρόεδρος η Αννα Μάννη-Παπαδημητρίου (Ν.Δ.) και γραμματέας ο Στάθης Κωνσταντινίδης (Ν.Δ.). 4) Η Ν.Δ. πρότεινε και επέβαλε τελικά, κατά πλειοψηφία, πλήρη μυστικότητα στις εργασίες της επιτροπής (συνεδριάσεις κεκλεισμένων των θυρών, τα πρακτικά θα μένουν απόρρητα ακόμη και για τους βουλευτές που θα μπορούν μόνο να τα βλέπουν σε ειδική αίθουσα). 5) Στον αντίποδα ΣΥΡΙΖΑ και ΠΑΣΟΚ πρότειναν να μη μεταδίδεται μεν η συνεδρίαση, αλλά να δημοσιοποιούνται τα πρακτικά, πλην των αναφορών σε ζητήματα εθνικής ασφάλειας τα οποία θα απαλείφονται με ευθύνη του προεδρείου. Αντίστοιχα και το ΚΚΕ ζήτησε δημοσιοποίηση των πρακτικών, πλην όσων σχετίζονται με το στρατιωτικό απόρρητο και τη σχετική απόφαση να την παίρνει η επιτροπή.",https://linkmix.co/11587870,44811
08/09/2022,"Τα Νέα αποκαλύπτουν ότι η Ε.Υ.Π. δήλωσε στην ΑΔΑΕ πως κατέστρεψε τα αρχεία των παρακολουθήσεων Ανδρουλάκη, Κουκάκη, παρόλο που υπάρχει πρόβλεψη για διατήρησή για δύο χρόνια. Ωστόσο, η ίδια η εφημερίδα με το πρωτοσέλιδό της δημιουργεί εύλογα ερωτηματικά καθώς επικαλείται στοιχεία της παρακολούθησης των Σπύρου Σαγιά και Στέλιου Πιτσιόρλα για την υπόθεση της ΠΙΜΑΝΑ και του Ναυαγίου στην Ζάκυνθο, υπόθεση που χρονολογείται από το 2013 και συνεχίστηκε για μερικούς μήνες επί διακυβέρνησης ΣΥΡΙΖΑ.",https://www.libre.gr/2022/09/08/exelixi-me-erotimatika-i-eyp-dilose-st/,44812
08/09/2022,"Η εξεταστική επιτροπή για τις υποκλοπές συνεδρίασε με θέμα ημερήσιας διάταξης: Κατάλογος μαρτύρων και εγγράφων. Διαρροές: 1) ΚΚΕ-ΠΑΣΟΚ-ΣΥΡΙΖΑ πρότειναν από μία λίστα μαρτύρων έκαστος, ωστόσο η ΝΔ τις απέρριψε οδηγώντας στην αποχώρηση των ΣΥΡΙΖΑ-ΠΑΣΟΚ-ΜΕΡΑ25 από τη συνεδρίαση ως ένδειξη διαμαρτυρίας. 2) Πιο συγκεκριμένα η ΝΔ απέρριψε από μάρτυρες: Τον πρωθυπουργό και τέσσερις κορυφαίους υπουργούς, το Γρηγόρη Δημητριάδη (κρυπτόμενη ξανά πίσω από τις δικαιολογίες περί απορρήτου), τον δημοσιογράφο Θανάση Κουκάκη (θύμα παρακολούθησης), όπως και τους δημοσιογράφους που ερεύνησαν την υπόθεση. 3) Η Νέα Δημοκρατία φέρεται να συμφωνεί στην κλήση των: Νίκου Ανδρουλάκη, Παναγιώτη Κοντολέοντα, αλλά και των νόμιμων εκπροσώπων της εταιρείας Intellexa και  της εταιρείας Krikel.",https://linkmix.co/11951276,44812
08/09/2022,Ανταλλαγή απόψεων για την Ελλάδα και το λογισμικό υποκλοπών στο πλαίσιο της επιτροπής Pega,https://multimedia.europarl.europa.eu/el/webstreaming/event_20220908-0900-COMMITTEE-PEGA,44812
09/09/2022,"Δηλώσεις Χρήστου Σπίρτζη μετά την κατάθεση μηνυτήριας αναφοράς στον Εισαγγελέα του Αρείου Πάγου, Ι. Ντογιάκο, έπειτα από τη διαπίστωση ότι του είχαν σταλεί δύο SMS με μολυσμένα μηνύματα για την παγίδευση του κινητού τηλεφώνου του με το λογισμικό Predator.",https://linkmix.co/11513937,44813
09/09/2022,Ρεπόρτερ Χωρίς Σύνορα (RSF): Καταγγελία για σκανδαλώδη αποκλεισμό δημοσιογράφων από την Εξεταστική Επιτροπή.,https://twitter.com/RSF_inter/status/1568252516738949121,44813
10/09/2022,"Ομιλία του Κυριάκου Μητσοτάκη στο πλαίσιο της Δ.Ε.Θ. Για την υπόθεση υποκλοπών δηλώνει: «[...]  Η κυβέρνηση ανέλαβε αμέσως την αντικειμενική πολιτική ευθύνη. Έθεσε, με Πράξη Νομοθετικού Περιεχομένου, πρόσθετες  δικαστικές εγγυήσεις στις παρακολουθήσεις της Ε.Υ.Π., ενώ κατέθεσε συγκεκριμένες προτάσεις αλλαγών στη λειτουργία της. Το θέμα είναι, πλέον, στα χέρια της Δικαιοσύνης και στην ευθύνη της Βουλής. Προσοχή, όμως: η λειτουργία της Εθνικής Υπηρεσίας 
Πληροφοριών ήταν, είναι και θα είναι ακόμη πιο πολύτιμη στην εποχή που έρχεται. Η δράση της πρέπει να βελτιωθεί, όχι να βαλτώσει. Και να διορθωθεί, όχι να ακυρωθεί.»",https://primeminister.gr/2022/09/10/30110,44814
11/09/2022,"Συνέντευξη Τύπου του Κυριάκου Μητσοτάκη στο πλαίσιο της Δ.Ε.Θ. Ο Πρωθυπουργός δέχεται 3 ερώτησεις σχετικά με τις υποκλοπές (8:14-11:45, 11:50-16:27, 1:33:48-1:35:32)","
https://linkmix.co/11554111",44815
12/09/2022,"Το Διοικητικό Συμβούλιο του Δικηγορικού Συλλόγου Αθηνών κατά τη συνεδρίασή του, συζήτησε το θέμα που έχει ανακύψει με την άρση του απορρήτου των επικοινωνιών. Στις 14/09 δημοσιεύεται η απόφαση η οποία υπερηφίστηκε με ευρεία πλειοψηφία.",https://www.dsa.gr/%CE%B4%CE%B5%CE%BB%CF%84%CE%AF%CE%B1-%CF%84%CF%8D%CF%80%CE%BF%CF%85/%CE%B1%CF%80%CE%BF%CF%86%CE%AC%CF%83%CE%B5%CE%B9%CF%82-%CE%B4%CF%83/%CE%B1%CF%80%CF%8C%CF%81%CF%81%CE%B7%CF%84%CE%BF-%CE%B5%CF%80%CE%B9%CE%BA%CE%BF%CE%B9%CE%BD%CF%89%CE%BD%CE%B9%CF%8E%CE%BD-%CE%B1%CE%BD%CE%AC%CE%B3%CE%BA%CE%B7-%CE%B1%CF%80%CF%8C%CE%B4%CE%BF%CF%83%CE%B7%CF%82-%CE%B5%CF%85%CE%B8%CF%85%CE%BD%CF%8E%CE%BD-%CE%BA%CE%B1%CE%B9-%CE%B1%CE%BD%CE%AC%CE%BB%CE%B7%CF%88%CE%B7%CF%82-%CE%B8%CE%B5%CF%83%CE%BC%CE%B9%CE%BA%CF%8E%CE%BD-%CF%80%CE%B1%CF%81%CE%B5%CE%BC%CE%B2,44816
15/09/2022,Ολοκληρώνεται η κατάθεση του Π. Κοντολέοντα στην Εξεταστική Επιτροπή. Καθόλη τη διάρκεια της κατάθεσης αρνείται να δώσει απαντήσεις σε κάποιες ερωτήσεις επικαλούμενος το απόρρητο στις διεργασίες της Ε.Υ.Π. Έχει προηγηθεί η άρνηση της κυβερνητικής πλειοψηφίας να αρθεί η δέσμευση εχεμύθειας.,https://linkmix.co/12056261,44819
16/09/2022,"Την μη καταστροφή δεδομένων που αφορούν την απόπειρα παγίδευσης του κινητού του Ν. Ανδρουλάκη, ζητά από τις εταιρείες κινητής τηλεφωνίας με παρέμβασή της η Αρχή Προστασίας Προσωπικών Δεδομένων.",https://www.dpa.gr/sites/default/files/2022-09/prosorini%20diatagi%202_2022%20anonym.pdf,44820
28/09/2022,"Ο Γερούν Λέναερς, πρόεδρος της Επιτροπής PEGA που συγκροτήθηκε στο Ευρωπαϊκό Κοινοβούλιο για να διερευνήσει τη χρήση κατασκοπευτικών λογισμικών σε κράτη μέλη της ΕΕ, στέλνει επιστολή στη Europol όπου μεταξύ άλλων αναφέρει: «Υπάρχουν ανησυχίες για την ικανότητα και τη θέληση των εθνικών αρχών να ερευνήσουν γρήγορα και διεξοδικά. Κάθε ημέρα που περνάει, ο κίνδυνος να εξαφανιστούν αποδείξεις ή να καταστραφούν αυξάνεται.»",https://twitter.com/Europarl_EL/status/1576866264030400512,44832
29/09/2022,"Σύμφωνα με το tvxs, στοιχεία αποκαλύπτουν ότι οι Γ. Λαβράνος και Φ. Μπίτζιος μεθόδευσαν το στήσιμο της Krikel, η οποία καθοδηγούνταν από τον πρώτο με στήριξη του δεύτερου.",https://tvxs.gr/news/egrapsan-eipan/o-glabra%CC%81nos-pi%CC%81so-apo%CC%81-tin-krikel,44833
05/10/2022,Κατατίθεται μήνυση του Θ. Κουκάκη κατά των μετόχων και εκπροσώπων της Intellexa.,https://twitter.com/nasoskook/status/1577545933822345216,44839
10/10/2022,"Δημοσιεύονται τα πορίσματα των ΣΥΡΙΖΑ, ΠΑΣΟΚ-ΚΙΝΑΛ, ΚΚΕ, και ΜέΡΑ25 για την Εξεταστική Επιτροπή για τις υποκλοπές.",https://linkmix.co/12023854,44844
13/10/2022,"Ολοκληρώνει τις εργασίες της η Εξεταστική Επιτροπή. Το πόρισμα της πλειοψηφίας, που υποστηρίζεται μόνο από τη Νέα Δημοκρατία, παραμένει απόρρητο και αποφασίζεται να επικυρωθεί μετά από δημόσια συζήτηση στη Βουλή.",https://linkmix.co/12055189,44847
20/10/2022,"Ο Γ. Δημητριάδης κερδίζει το βραβείο «SLAPP Politician of the Year», από την οργάνωση Coalition Against SLAPPs in Europe (CASE), για τις μηνύσεις που κατέθεσε κατά των δημοσιογράφων που κάλυψαν το σκάνδαλο υποκλοπών.",https://twitter.com/CASECoalition/status/1583116841131864065,44854
24/10/2022,Ο δημοσιογράφος Τάσος Τέλλογλου αποκαλύπτει πως παρακολουθούνταν κατά το χρονικό διάστημα όπου ερευνούσε το σκάνδαλο υποκλοπών. Καταγράφει επίσης πώς βουλευτές και υπουργοί (πρώην και νυν) γνωρίζουν για την έκταση των παρακολουθήσεων και αποφεύγουν να χρησιμοποιούν συμβατικές γραμμές επικοινωνίας ή να κουβαλούν το κινητό τους σε ευαίσθητες συναντήσεις.,https://gr.boell.org/el/2022/10/24/se-synthikes-apolytis-monaxias,44858
29/10/2022,"Τα «Νέα» κάνουν λόγο για κέντρο επιρροής που είχε στοχεύσει εν ενεργεία υπουργούς, «φωτογραφίζοντας» ως έναν εξ' αυτών τον Μιχάλη Χρυσοχοΐδη. Επίσης περιγράφουν παρακολουθήσεις και ιδιωτών και επιχειρηματιών, ορισμένοι εκ των οποίων φέρονται να είχαν συμβάσεις με το Δημόσιο.",https://linkmix.co/12426267,44863
30/10/2022,"Το «Βήμα» περιγράφει ένα δίπολο μεταξύ Αθήνας και Λευκωσίας με την εμπλοκή των Φ. Μπίτζιου, Γ. Δημητριάδη, Αλέξανδρου Σίνκα (Κύπριου δικηγόρου) και Ταλ Ντιλιάν (ιδιοκτήτη της Wispear, προπομπού της Intellexa), που πιθανολογείται ότι προώθησαν το Predator από την Κύπρο στην Ελλάδα.",https://linkmix.co/12426177,44864
2/11/2022,"Φτάνει στην Αθήνα αντιπροσωπεία της επιτροπής PEGA του Ευρωπαϊκού Κοινοβουλίου, η οποία συγκροτήθηκε για να διερευνήσει τη χρήση κατασκοπευτικών λογισμικών σε κράτη μέλη της ΕΕ. Σύμφωνα με το αρχικό προσχέδιο προγράμματος, η αντιπροσωπεία θα καλούσε σε συνάντηση μεταξύ άλλων τους Κ. Μητσοτάκη, Γ. Δημητριάδη, Χ. Σπίρτζη, Φ. Μπίτζιο και Γ. Λαβράνο. Εν τέλει η επιτροπή θα συναντήσει τους Γ. Γεραπετρίτη, Γιάννη Κεφαλογιάννη (επικεφαλής της επιτροπής της Βουλής), Ν. Ανδρουλάκη, Θ. Κουκάκη, Χ. Σπίρτζη, Χ. Ράμμο (επικεφαλής της ΑΔΑΕ) και τους δημοσιογράφους Νικόλα Λεοντόπουλο (Reporters United), Τάσο Τέλλογλου (Inside Story), Νεκταρία Σταμούλη (Politico, ΑΠΕ) και Δάφνη Παπαδοπούλου και Γιάννη Σουλιώτη (Καθημερινή).",https://linkmix.co/12426500,44867
4/11/2022,"Η αντιπροσωπεία της επιτροπής PEGA ολοκληρώνει τις συναντήσεις σε Ελλάδα και Κύπρο με συνέντευξη Τύπου. Η εισηγήτρια της επιτροπής, Σοφί ιν'τ Φελτ, αναφέρει μεταξύ άλλων: «Φεύγουμε με περισσότερα ερωτήματα από όσα είχαμε όταν ήρθαμε. (...) Οι φάκελοι της ΕΥΠ για Κουκάκη και Ανδρουλάκη έχουν τελείως τυχαία καταστραφεί. Προσκαλούμε τις αρχές να μοιραστούν τις κρίσιμες πληροφορίες.» Ο πρόεδρος της επιτροπής, Γερούν Λέναερς, αναφέρει μεταξύ άλλων: «Λίγα μόνο γεγονότα αποκαλύφθηκαν. (...) Δεν κατέθεσαν όλοι οι εμπλεκόμενοι ως μάρτυρες. (...) Εκπλαγήκαμε από το γεγονός ότι δεν υπήρξε κοινό πόρισμα αλλά ξεχωριστά από κάθε κόμμα.» Μετά το τέλος της συνέντευξης Τύπου, η Ευρωβουλευτής της ΝΔ και μέλος της PEGA, Ελίζα Βόζενμπεργκ, κατηγορεί την εισηγήτρια ότι «εκφράζει προσωπικές εκτιμήσεις για το σκάνδαλο των υποκλοπών», τοποθέτηση που χαρακτηρίζεται ως προσβλητική και προκαλεί την έντονη ενόχληση των υπόλοιπων μελών της Επιτροπής.",https://linkmix.co/12466690,44869
4/11/2022,"Το «Documento» αποκαλύπτει ότι παρακολουθούνταν μέσω Predator ο πρόεδρος της ΠΑΕ Άρης, Θεόδωρος Καρυπίδης, με απώτερο στόχο τον εφοπλιστή Βαγγέλη Μαρινάκη, καθώς είχαν υποκλαπεί συνομιλίες μεταξύ των δύο ανδρών.",https://www.documentonews.gr/article/skandalo-ypoklopon-to-maximoy-parakoloythoyse-ton-vaggeli-marinaki-meso-toy-thodori-karypidi/,44869
5/11/2022,"Σύμφωνα με το Βήμα, ««Κύκλοι» του υπουργού Εξωτερικών Νίκου Δένδια, επισημαίνουν ότι είναι αδιανόητο και επικίνδυνο να υπονοείται ότι ο πρωθυπουργός παρακολουθούσε τον υπουργό Εξωτερικών.»",https://www.tovima.gr/2022/11/05/politics/kykloi-dendia-adianoito-kai-epikindyno-na-yponoeitai-oti-o-prothypourgos-parakolouthouse-ton-ypeks/,44870
6/11/2022,"Το «Documento» αποκαλύπτει λίστα πολιτικών, επιχειρηματιών και δημοσιογράφων που παρακολουθούνταν μέσω Predator: Αντώνης Σαμαράς (πρώην πρωθυπουργός), Μιχάλης Χρυσοχοΐδης (πρώην υπουργός Προστασίας του Πολίτη), Νίκος Δένδιας (υπουργός Εξωτερικών), Ολγα Γεροβασίλη (πρώην υπουργός Προστασίας του Πολίτη), Χρήστος Σπίρτζης (πρώην υπουργός Μεταφορών, Υποδομών και Δικτύων), Αδωνης Γεωργιάδης (υπουργός Ανάπτυξης και Επενδύσεων), Ευγενία Μανωλίδου (σύζυγος Γεωργιάδη), Βασίλης Κικίλιας (πρώην υπουργός Υγείας), Τζένη Μπαλατσινού (σύζυγος Κικίλια), Ολγα Κεφαλογιάννη (βουλευτής ΝΔ, πρώην υπουργός Τουρισμού), Αλέξης Παπαχελάς (διευθυντής «Καθημερινής»), Λάκης Λαζόπουλος (ηθοποιός), Αλέξανδρος Διακόπουλος (πρώην σύμβουλος Εθνικής Ασφάλειας της Ελλάδας), Νίκος Χαρδαλιάς (υφυπουργός Εθνικής Αμυνας), Χρήστος Σταϊκούρας (υπουργός Οικονομικών), Κωστής Χατζηδάκης (υπουργός Εργασίας), Πόπη Καλαϊτζή (σύζυγος Χατζηδάκη), Αριστοτελία Πελώνη (εξωκοινοβουλευτική αναπληρώτρια κυβερνητική εκπρόσωπος), Γιώργος Πατούλης (περιφερειάρχης Αττικής), Μαρίνα Πατούλη (σύζυγος Πατούλη), Δημήτρης Αβραμόπουλος (πρώην υπουργός Υγείας), Αλέξης Πατέλης (επικεφαλής στο οικονομικό γραφείο του πρωθυπουργού), Νίκος Ανδρουλάκης (πρόεδρος ΠΑΣΟΚ-Κινήματος Αλλαγής), Θόδωρος Καρυπίδης (πρόεδρος ΠΑΕ Αρης, επιχειρηματίας, για παρακολούθηση Βαγγέλη Μαρινάκη), Ειρήνη Καρυπίδη (επιχειρηματίας, αδερφή Καρυπίδη, για παρακολούθηση Βαγγέλη Μαρινάκη), Γιάννης Κουρτάκης (εκδότης εφημερίδας «Παραπολιτικά», για παρακολούθηση Βαγγέλη Μαρινάκη), Πάνος Κυριακόπουλος (πρόεδρος και διευθύνων σύμβουλος Star, για παρακολούθηση οικογένειας Βαρδινογιάννη), Παναγιώτης Μπόμης (διευθύνων σύμβουλος DPG Digital Media, για παρακολούθηση Δημήτρη Γιαννακόπουλου), Παναγιώτης Αρκουμανέας (πρώην πρόεδρος ΕΟΔΥ), Εύα Αντωνοπούλου (σύζυγος Αρκουμανέα, δημοσιογράφος), Γιάννης Ραχωβίτσας (υπαρχηγός του Αστυνομικού Σώματος), Αντώνης Δελλατόλας (δημοσιογράφος), Θανάσης Κουκάκης (δημοσιογράφος).",https://www.documentonews.gr/article/poioys-kai-giati-akoyge-to-systima-mitsotaki/#.Y2imYSVGLxI.twitter,44871
6/11/2022,"Μετά τον ποδοσφαιρικό αγώνα Παναθηναϊκού-Ολυμπιακού, ο Γιάννης Βρέντζος, μέλος του Δ.Σ. του Ολυμπιακού και στενός συνεργάτης του Β. Μαρινάκη, δηλώνει: «στα τελευταία τρία χρόνια λειτούργησε μέσα στην Κυβέρνηση ένα καθεστώς παρανομίας στο Μέγαρο Μαξίμου με επικεφαλής τον Γρηγόρη Δημητριάδη και άλλα λαθραία και παράνομα στοιχεία. Η ανοχή μας σε αυτή την ανομία τελείωσε.»",https://www.sport24.gr/football/vrentzos-to-podosfairo-dioikeitai-apo-fasistiko-parakratos-protasi-moy-na-apochorisei-o-olympiakos-apo-to-protathlima.9822339.html,44871
7/11/2022,"Σε συνέντευξη στον ΑΝΤ1, ο Κ. Μητσοτάκης δηλώνει (σχετικά με τις δηλώσεις Βρέτζου): «Κάποιοι έχουν μπερδέψει τους ρόλους. Νομίζουν πως έχουν ομάδα κα μέσα ενημέρωσης και μπορούν να εκβιάζουν την κυβέρνηση» Ο ιδιοκτήτης του Ολυμπιακού, και εμμέσως παρακολουθούμενος, Βαγγέλης Μαρινάκης απαντάει: «Ο πρωθυπουργός με τη συνέντευξή του αποδέχθηκε την ύπαρξη δικτύου παρακολουθήσεων στην Ελλάδα με το κακόβουλο λογισμικό predator, από συγκεκριμένους κύκλους. Αρνήθηκε βεβαίως τη δική του συμμετοχή. Δεν θα μπορούσε άλλωστε. Ωστόσο δεν αρκεί η κατηγορηματική άρνηση του. Οφείλει πράξεις και κινήσεις συγκεκριμένες (...) Οι δε αναφορές σε εκβιασμούς, υπαγορεύσεις, αλλαγές θέσεων και απόψεων δεν μας αφορούν, δεν μας ταιριάζουν. Μόνο όσοι εμπλέκονται σε εξωθεσμικές παρακολουθήσεις και στον υπόκοσμο, καταφεύγουν σε τέτοια μέσα.»",https://linkmix.co/12766167,44872
8/11/2022,"Η εισηγήτρια της επιτροπής PEGA, Σόφι ιν 'τ Βελντ, παρουσιάζει το προσχέδιο των πορισμάτων για τις παρακολουθήσεις. Μεταξύ άλλων αναφέρει: «Εκεί δεν μπορείς να πεις ότι υπάρχει ας πούμε ένα συνειδητά αυταρχικό σύστημα, αλλά στην Ελλάδα βλέπουμε σημάδια -αν όλα αυτά επιβεβαιωθούν βέβαια, γιατί πρέπει να το λέμε αυτό όλη την ώρα, πρέπει να κρατάμε αυτή την επιφύλαξη - ότι [το spyware] χρησιμοποιείται ας πούμε με πολύ συστηματικό και μεγάλης κλίμακας τρόπο, σαφώς ως μέρος μιας πολιτικής στρατηγικής. (...) το πιο ανησυχητικό στην Κύπρο είναι ότι αποτελεί τον κόμβο για τις εξαγωγές spyware (...) όλες [οι κυβερνήσεις] χρησιμοποιούν τον μανδύα της «εθνικής ασφάλειας» για να δημιουργήσουν έναν χώρο ανομίας. (...) Γνωρίζουμε ότι το κατασκοπευτικό λογισμικό πωλείται κυρίως σε κυβερνήσεις. Περιστασιακά πωλείται και σε ιδιώτες, αλλά πρέπει να είναι πολύ πλούσιοι, διότι αυτά τα πράγματα είναι απίστευτα ακριβά. (...) η υπόθεση που έχω ακούσει για έναν ιδιώτη ή έναν ξένο [στην Ελλάδα] δεν μου φαίνεται ιδιαίτερα αληθοφανής»",https://insidestory.gr/article/perimeno-apo-tis-eyropaikes-kyverniseis-na-ferthoyn-dimokratika,44873
9/11/2022,"Σε απάντηση προς την ΠΟΕΣΥ και άλλες δημοσιογραφικές ενώσεις, που εξέφρασαν έντονη ανησυχία για την αναφορά και δημοσιογράφων σε λίστες προσώπων των οποίων υποκλέπτονται οι επικοινωνίες, η Πρόεδρος της Δημοκρατίας δηλώνει: «Ως προς το θέμα των τηλεφωνικών παρακολουθήσεων, έχω τοποθετηθεί επί της αρχής και με σαφήνεια, στο πλαίσιο των κατά το Σύνταγμα αρμοδιοτήτων μου. Η διερεύνηση της υπόθεσης βρίσκεται πλέον ενώπιον ων δικαστικών αρχών.»",https://www.news247.gr/politiki/i-apantisi-tis-sakellaropoyloy-stin-poesy-gia-tis-ypoklopes-echo-topothetithei-me-safineia.9832613.html,44874
10/11/2022,"Η Όλγα Γεροβασίλη καταθέτει στον εισαγγελέα του Αρείου Πάγου Ι. Ντογιάκο μήνυση κατά παντός υπευθύνου, μετά την αποκάλυψη του Documento σχετικά με την παρακολούθησή της.",https://www.efsyn.gr/politiki/antipoliteysi/366429_ston-areio-pago-i-olga-gerobasili-katethese-minysi-gia-tin,44875
11/11/2022,"Μια εβδομάδα πριν την εκδίκαση της αγωγής του Γ. Δημητριάδη κατά δημοσιογράφων, η ιστοσελίδα Reporters United δέχεται επίθεση «spear phishing» που περιλαμβάνει την κατασκευή ψεύτικης ιστοσελίδας, την επινόηση ενός ανύπαρκτου διεθνούς δημοσιογράφου και την πρόσβαση σε φορολογικά δεδομένα του Reporters United που μόνον η ΑΑΔΕ γνωρίζει.",https://www.reportersunited.gr/10098/reporters-united-dave-woods-ypoklopes/,44876
12/11/2022,"Σε συνάντηση με δημοσιογράφους του Reporters United και της Εφημερίδας των Συντακτών, ο Γ. Λαβράνος λέει πως είχε συναντηθεί μια φορά, πριν χρόνια, με τον Κ. Μητσοτάκη, πριν εκείνος εκλεγεί πρόεδρος της Ν.Δ., με μεσολάβηση του Γ. Δημητριάδη. Επιπλέον παραδέχεται ότι συνεργάζεται με την Krikel και έχει συμφέρον η εταιρεία «να πηγαίνει καλά». Το ρεπορτάζ αποκαλύπτει ότι η ΕΛ.ΑΣ. έχει παραχωρήσει αστυνομική φύλαξη στο Γ. Λαβράνο, παρότι, σύμφωνα με δική του δήλωση, δεν έχει καμία δουλειά στην Ελλάδα από το 2012. Αποκαλύπτεται επίσης ότι ο Γ. Δημητριάδης έχει βαφτίσει το παιδί του Κυριάκου Πιερρακάκη (Υπουργός Ψηφιακής Διακυβέρνησης). Ο Κ. Πιερρακάκης έχει στενή σχέση με το Γ. Λαβράνο, συνεχίζοντας να συνομιλούν και μετά τον Αύγουστο 2022, ενώ ο Κ. Πιερρακάκης είχε επισκεφτεί το γραφείο του Γ. Λαβράνου ενόσω ήταν υπουργός. Το ρεπορτάζ αποκαλύπτει ότι ο Γ. Λαβράνος είχε σχέσεις και με τον πρώην Υπουργό Εσωτερικών (επί ΣΥΡΙΖΑ) Νίκο Τόσκα, καθώς επί ημερών του υπογράφηκε σύμβαση μεταξύ Δημοσίου και Krikel, ενώ ο γιος του Ν. Τόσκα εργάστηκε στην Krikel μεταξύ 6/2020-6/2021. Το ρεπορτάζ καταλήγει σε τρεις περιπτώσεις κλεμμένων Ιταλικών ταυτοτήτων στις οποίες φέρεται να εμπλέκεται ο Γ. Λαβράνος.",https://linkmix.co/12766475,44877
13/11/2022,"Το «Documento» αποκαλύπτει δεύτερη λίστα προσώπων που παρακολουθούνταν μέσω Predator: Γιώργος Γεραπετρίτης (υπουργός Επικρατείας), Ακης Σκέρτσος (υπουργός Επικρατείας), Νίκος Παπαθανάσης (αναπληρωτής υπουργός Ανάπτυξης και Επενδύσεων), Μιλτιάδης Βαρβιτσιώτης (αναπληρωτής υπουργός Εξωτερικών), Ορσάκη Ρουσσέτου (μέλος της Πολιτικής Γραμματείας της ΝΔ, συμμετέχει στον «πρωινό καφέ» στο Μαξίμου), Ειρήνη Εξάρχου (μετακλητή υπάλληλος στο Μέγαρο Μαξίμου υπό τον Γρηγόρη Δημητριάδη, πρώην μετακλητή στο γραφείο του Αντώνη Σαμαρά στη Βουλή. Η αδερφή της, Φοίβη, εργαζόταν ως γραμματέας του πρώην διοικητή της ΕΥΠ Παναγιώτη Κοντολέων), Θωμάς Βαρβιτσιώτης (πρόεδρος και συνιδρυτής της εταιρείας συμβούλων, διαφήμισης και διαχείρισης κρίσεων V+O), Γιάννης Ολύμπιος (συνιδρυτής της V+O), Αργυρώ Ξαγοράρη  (δεξί χέρι της Μαρέβας Γκραμπόφσκι σε πολλές επιχειρηματικές δραστηριότητες, στελεχώνει τη γραμματεία του Κυριάκου Μητσοτάκη στο Μέγαρο Μαξίμου), Ολίνκα Βαρβιτσιώτη (σύζυγος του προέδρου της V+O Θωμά Βαρβιτσιώτη, διευθύντρια της «The Art Newspaper Greece»), Βασίλης Γκρίζης (Α΄ υποδιοικητής της ΕΥΠ), Χρήστος Αγραφιώτης (μέλος ΔΣ της εφημερίδας «Καθημερινή»), Χάρις Κούτση (μέχρι πρόσφατα ειδική σύμβουλος για επιχειρήσεις και επενδυτές στη γ.γ. του πρωθυπουργού), Ελίνα Κυπραίου (από το 2004 συνεργάτιδα του Κυρ. Μητσοτάκη), Μιχάλης Μπεκίρης (διευθυντής του γραφείου του πρωθυπουργού Κυρ. Μητσοτάκη στη Βουλή), Νίκος Σιγάλας (διευθυντής του γραφείου Τύπου του υπουργείου Εργασίας και δεξί χέρι του υπουργού Εργασίας Κωστή Χατζηδάκη), Σπύρος Καρανικόλας (μέχρι τις 14 Ιουνίου 2022 μέλος του ΠΑΣΟΚ-ΚΙΝΑΛ), Φίλιππος Βρυώνης (ιδιοκτήτης του τηλεοπτικού σταθμού Εpsilon), Μανώλης Γραφάκος (γενικός γραμματέας Συντονισμού Διαχείρισης Αποβλήτων), Κωστής Μουσουρούλης (συντονιστής του Σχεδίου Δίκαιης Αναπτυξιακής Μετάβασης [ΣΔΑΜ] των περιοχών της δυτικής Μακεδονίας και της Μεγαλόπολης, πρώην υπουργός), Αγγελική Ρούσσου (πρώην διευθύντρια του κλιμακίου της ΕΥΠ), Γιώργος Πατεράκης (αντιπρόεδρος του Ελληνογερμανικού Επιμελητηρίου), Αρτεμις Σίφορντ (μάνατζερ πολιτικής κυβερνοασφάλειας για το Facebook και μέλος στο ευρωπαϊκό κέντρο του αμερικανικού think tank Atlantic Council), Αμφιλόχιος (μητροπολίτης Αδριανουπόλεως, πρώην διευθυντής του γραφείου εκπροσώπησης του Οικουμενικού Πατριαρχείου στην Αθήνα), Αρης Αλεξόπουλος (αντιναύαρχος, γενικός διευθυντής της Γενικής Διεύθυνσης Αμυντικών Εξοπλισμών και Επενδύσεων), Σπύρος Κουσουνής (πρώην στέλεχος της Αντιτρομοκρατικής και πρώην διευθυντής ασφαλείας στην Coca-Cola 3E), Μαίη Ζαννή (ειδική σύμβουλος στη Γενική Γραμματεία πρωθυπουργού, πρώην σύντροφος του δημάρχου Αθηναίων Κώστα Μπακογιάννη), Γιάννης Αναστασάκος (στενός συνεργάτης του πρώην υπουργού Προστασίας του Πολίτη Μιχάλη Χρυσοχοΐδη), Μαρία Σαράφογλου (δημοσιογράφος Αnt1), Σπύρος Σιδέρης (δημοσιογράφος στα Euractiv, i-Eidiseis), Πέτρος Κουσουλός (δημοσιογράφος, εκδότης της εφημερίδας «Μπαμ»), Στέφανος Χίος (εκδότης της εφημερίδας «Μακελειό»), Γκρατσιέλα Κλάδη (εργάζεται στο τμήμα εμπορίας καυσίμων της εταιρείας Aegean), Βαγγέλης Πιττερός (ιδιοκτήτης εστιατορίου στο Κολωνάκι), Τόνια Πρίμπα (δικηγόρος, σύμβουλος στη Γενική Γραμματεία Τηλεπικοινωνιών και Ταχυδρομείων), Τάσος Παπαγεωργίου (διευθυντής ασφαλείας της ΕΥΠ), Τάκης Θεοδωράτος, Παναγιώτης Ζαρκαδάς.",https://linkmix.co/12765389,44878
13/11/2022,"Το Βήμα αποκαλύπτει ότι, ένα χρόνο νωρίτερα, παρακολουθούνταν μέσω Predator ο Υπουργός Εξωτερικών Νίκος Δένδιας. Σύμφωνα με το Βήμα «η μνημονευόμενη παρακολούθηση [Δένδια] έχει προκαλέσει αναστάτωση σε πολλές διπλωματικές αντιπροσωπείες και μυστικές υπηρεσίες ξένων χωρών από Ευρώπη, Αμερική, Μέση Ανατολή κ.λπ.»",https://linkmix.co/12765426,44878
13/11/2022,Ο Ν. Δένδιας δηλώνει: «η συνεργασία μου με τον Πρωθυπουργό είναι μια συνεργασία διαρκής και χαρακτηρίζεται από αμοιβαία εμπιστοσύνη. (...) με καλύπτει απολύτως η διαβεβαίωση του Πρωθυπουργού ότι θα χυθεί άπλετο φως»,https://www.tanea.gr/2022/11/14/politics/dendias-gia-ypoklopes-me-kalypse-apolyta-o-prothypourgos-tha-xythei-apleto-fos/,44878
13/11/2022,"Στο 23ο Συνέδριο της Ένωσης Ποινικολόγων και Μαχόμενων Δικηγόρων, ο δημοσιογράφος Τάσος Τέλλογλου αναλύει πώς η ομάδα του Inside Story ερεύνησε το θέμα των υποκλοπών και πώς, εκείνη την περίοδο, παρακολουθούνταν από κρατικούς μηχανισμούς.",https://www.youtube.com/watch?v=5VySTM2-ly0,44878
14/11/2022,"To Inside Story αναλύει τις διασυνδέσεις μεταξύ Intellexa και Krikel. Μεταξύ άλλων, αποκαλύπτει ότι η αγορά του Predator, το οποίο εγκαταστάθηκε σε χώρο της Αγίας Παρασκευής που ελέγχει η ελληνική κυβέρνηση, κόστισε 7 εκατ. ευρώ και από εκεί και πέρα το κόστος για δέκα στόχους τον μήνα, που εναλλάσσονται, ήταν στα 150.000 ευρώ.",https://insidestory.gr/article/elliniko-dimosio-kai-intellexa-ki-omos-gnorizontai,44879
15/11/2022,"Κατατίθεται για εφτά μέρες σε δημόσια διαβούλευση σχέδιο νόμου για την αλλαγή λειτουργίας της ΕΥΠ, την ευθύνη σύνταξης του οποίου έχει ο Γ. Γεραπετρίτης. Το νομοσχέδιο προβλέπει: 1) τη μετατροπή χρήσης παράνομων λογισμικών από πλημμέλημα σε κακούργημα· 2) επαναφέρει τη δυνατότητα στους παρακολουθούμενους να ενημερώνονται για την άρση απορρήτου των επικοινωνιών τους, ωστόσο μόνο μετά από τρία χρόνια και «υπό την προϋπόθεση ότι δεν διακυβεύεται ο σκοπός για τον οποίο αυτό διατάχθηκε και μετά από απόφαση τριμελούς οργάνου»· 3) για παρακολουθήσεις πολιτικών προσώπων, τη διαδικασία μπορεί να κινήσει μόνο η ΕΥΠ και απαιτείται άδεια του προέδρου της Βουλής· 4) κατάργηση σύναψης απόρρητων συμβάσεων από το Κέντρο Τεχνολογικής Υποστήριξης, Ανάπτυξης και Καινοτομίας (ΚΕΤΥΑΚ) της ΕΥΠ· 5) αυτόματη διαγραφή του περιεχόμενου της παρακολούθησης (ηχητικά αρχεία κ.τ.λ.) μετά την πάροδο έξι μηνών από την παύση της άρσης και διατήρηση του φακέλου με το υλικό της τεκμηρίωσης για δέκα έτη μετά τη λήξη της άρσης· 6) από τη θέση του διοικητή της ΕΥΠ αποκλείονται πρόσωπα προερχόμενα από το δημόσιο ή ιδιωτικό τομέα (όπως ο Π. Κοντολέων) και θα τοποθετείται αποκλειστικά διπλωμάτης ή απόστρατος ανώτατος στρατιωτικός.",https://linkmix.co/12778051,44880
19/11/2022,"Κατά τη διάρκεια συνεδρίασης της δίκης της Greek Mafia, το Τριμελές Εφετείο Πλημμελημάτων της Αθήνας κρίνει ότι η ΕΥΠ έχει το δικαίωμα να παρακολουθεί τις τηλεφωνικές συνομιλίες πολιτών επικαλούμενη λόγους εθνικής ασφάλειας, ακόμη κι όταν δεν υπάρχει έγκριση για τις παρακολουθήσεις αυτές από τον αρμόδιο εισαγγελέα. Στην ίδια συνεδρίαση κατατίθενται αποδείξεις ότι η ΕΥΠ παρακολουθούσε το 2016 τον μετέπειτα δολοφονημένο δημοσιογράφο Γιώργο Καραϊβάζ.",https://www.newsbreak.gr/dikaiosyni/395677/apofasi-sok-i-eyp-mporei-na-dienergei-tilefonikes-ypoklopes-choris-tin-egkrisi-eisaggelea/,44884
20/11/2022,"Το Βήμα αποκαλύπτει τα ονόματα των αποσπασμένων στην ΕΥΠ αστυνομικών που το 2019-2020 εκπαιδεύτηκαν στη χρήση του Predator από Ισραηλινούς που είχαν έλθει από την Κύπρο. Αποκαλύπτει επίσης πώς προέκυψαν τα κονδύλια για το Predator, με υπερκοστολογημενες προσφορες σε διαγωνισμους του Δημοσίου με ασφυκτικα χρονικα πλαισια που δεν επέτρεπαν ανταγωνιστικές (χαμηλότερες) προσφορές, καθώς και τον κομβικό ρόλο της πρώην επικεφαλής της Διεύθυνσης Συλλογής και Ανάλυσης Πληροφοριών και Β΄ υποδιευθύντρια Τρομοκρατίας και Οργανωμένου Εγκλήματος της ΕΥΠ, Ευαγγελία Γεωργακόπουλου, στη στελέχωση και οργάνωση των 50 αστυνομικών που ήταν αποσπασμένων στην ΕΥΠ.",https://linkmix.co/12868835,44885
21/11/2022,"Η Καθημερινή αποκαλύπτει ότι η Ε. Γεωργακόπουλου δούλευε στις εγκαταστάσεις της ΕΥΠ στην Αγία Παρασκευή, έχοντας υπό τις διαταγές της περίπου δέκα αποσπασμένους στην ΕΥΠ αστυνομικούς. Οι αποσπάσεις της υποδιευθύντριας και των αστυνομικών στην ΕΥΠ διακόπηκαν μετά τις αρχές Αυγούστου 2022.",https://www.kathimerini.gr/politics/562145197/parakoloythiseis-oi-mayres-trypes-tis-el-as/,44886
21/11/2022,"Το «Documento» αποκαλύπτει ότι στόχος παρακολούθησης ήταν και ο Ευρωβουλευτής Γιώργος Κύρτσος (αρχικώς της ΝΔ και μετέπειτα ανεξάρτητος), ενώ στόχοι παράλληλης παρακολούθησης από ΕΥΠ και Predator ήταν οι: Κωστής Χατζηδάκης, Αλέξης Παπαχελάς, Αλέξανδρος Διακόπουλος, Αριστείδης Αλεξόπουλος.",https://www.documentonews.gr/article/o-ypoyrgos-xatzidakis-sti-lista-tis-eyp-kai-toy-predator/,44886
22/11/2022,"Η μειοψηφία του Δ.Σ. της Ενωσης Δικαστών και Εισαγγελέων δηλώνει, μεταξύ άλλων, για το νομοσχέδιο που κατατέθηκε σε διαβούλευση: «Το αναρτηθέν στη διαβούλευση νομοσχέδιο δυστυχώς δεν είναι αποτέλεσμα ώριμου διαλόγου στους κόλπους της κοινωνίας και της νομικής επιστήμης, αλλά ακολουθεί μια κακή παράδοση αποσπασματικής και ευκαιριακής νομοθέτησης, ενόψει της συγκυρίας. Διαμορφώνει ένα πλέγμα προστασίας μόνο του πολιτικού προσωπικού της χώρας, αφήνοντας σε δεύτερη ταχύτητα τους δικαστικούς λειτουργούς και όλους τους πολίτες.»",https://www.efsyn.gr/politiki/367925_brontes-apo-adae-enantia-sto-nomoshedio-fiasko-gia-aporrito,44887
25/11/2022,"Η Όλγα Κεφαλογιάννη (βουλευτής και πρώην υπουργός της ΝΔ), μέλος της Επιτροπής Θεσμών και Διαφάνειας της Βουλής, δηλώνει ότι «το θέμα του απορρήτου δεν μπορεί κανείς πλέον να το επικαλείται στην Επιτροπή. Ειδικά στην Επιτροπή Θεσμών και Διαφάνειας που εκ του κανονισμού της Βουλής έχει το δικαίωμα του ελέγχου δεν μπορεί κανείς να επικαλείται το απόρρητο.»",https://www.news247.gr/politiki/olga-kefalogianni-sto-news-24-7-sti-nea-dimokratia-den-fovomaste-na-milame.9844185.html,44890
25/11/2022,"Ο Δημήτρης Τσαραπατσάνης, Αναπληρωτής Καθηγητής στη Νομική Σχολή του Πανεπιστημίου του Γιορκ, δημοσιεύει μελέτη για το θεσμικό πλαίσιο σχετικά με τις υποκλοπές και το απόρρητο όπου, μεταξύ άλλων, γράφει: «Η μόνη εγγύηση προστασίας του δικαιώματος στο απόρρητο είναι η αναιτιολόγητη εισαγγελική διάταξη από τον αποσπασμένο στην ΕΥΠ εισαγγελικό λειτουργό. Η ΑΔΑΕ, για διάφορους λόγους, δεν έχει καταφέρει ακόμη να ασκήσει αποτελεσματικό έλεγχο και να λειτουργήσει ως θεσμικό αντίβαρο. Η Βουλή (ιδίως η Μόνιμη Επιτροπή Θεσμών και Διαφάνειας) δεν έχει επίσης καταφέρει να αποτελέσει αποτελεσματικό μηχανισμό ελέγχου. Το σχέδιο νόμου όχι μόνο δεν προσθέτει μηχανισμούς ελέγχου, αλλά και αποδυναμώνει περαιτέρω την ΑΔΑΕ.»",https://linkmix.co/12869010,44890
25/11/2022,"Η γνωμοδότηση της Αρχής Προστασίας Δεδομένων Προσωπικού Χαρακτήρα (ΑΠΔΠΧ) για το νομοσχέδιο που κατέθεσε σε διαβούλευση η κυβέρνηση αναφέρει, μεταξύ άλλων: «είναι απαραίτητο να διευκρινισθεί ο χαρακτήρας [της επεξεργασίας προσωπικών δεδομένων], όπως και να προσδιορισθεί ο υπεύθυνος της επεξεργασίας και η εποπτική αρχή, προκειμένου μεταξύ άλλων να καθίσταται σαφές στο υποκείμενο των δεδομένων η διαδικασία άσκησης των δικαιωμάτων, η δυνατότητα και ο τρόπος προσφυγής σε περίπτωση μη ικανοποίησής τους. (...) η εν λόγω διάταξη δεν παρέχει τις αναγκαίες εγγυήσεις ώστε να θεωρηθεί συμβατή με τις απαιτήσεις της νομολογίας του ΕΔΔΑ και του ΣτΕ καθώς από το νόμο απουσιάζουν τα βασικά κριτήρια με βάση τα οποία θα ήταν ανεκτός ο περιορισμός των δικαιωμάτων των φυσικών προσώπων (...) Κατά τη γνώμη της Αρχής, ο ορισμός [των λόγων εθνικής ασφάλειας που μπορεί να επικαλεστούν οι Αρχές] δεν έχει εφαρμογή στη νομοθεσία για την προστασία των προσωπικών δεδομένων»",https://linkmix.co/12869203,44890
27/11/2022,"Το «Documento» αποκαλύπτει τρίτη λίστα προσώπων που παρακολουθούνταν από το Predator: Μιχάλης Καραμαλάκης (Πρώην αρχηγός της ΕΛΑΣ και νυν γενικός γραμματέας του υπουργείου Προστασίας του Πολίτη), Βασιλική Βλάχου (Εισαγγελέας αρμόδια για την ΕΥΠ), Νίκη Κεραμέως (Υπουργός Παιδείας και Θρησκευμάτων), Γιάννης Οικονόμου (Κυβερνητικός εκπρόσωπος), Ανδρέας Λοβέρδος (Βουλευτής ΠΑΣΟΚ-ΚΙΝΑΛ, κατήλθε ως υποψήφιος για την προεδρία του Κινήματος), Γιώργος Μυλωνάκης (Γενικός γραμματέας της Βουλής), Τίνα Μεσσαροπούλου (Πανελίστρια, σύζυγος του γγ της Βουλής Γ. Μυλωνάκη), Χρήστος Μπαρδάκης (Εισαγγελέας εφετών, επικεφαλής της Οικονομικής Εισαγγελίας), Γιώργος Σταμαδιάνος (Γιος του πρώην προέδρου του Συμβουλίου Εφετών Κωνσταντίνου Σταμαδιάνου, συνεργάτης του τότε υπουργού Μεταφορών Μιχάλη Χρυσοχοΐδη και πρώην μέλος του Διαιτητικού Δικαστηρίου της ΕΠΟ), Βασίλης Ανδρικόπουλος (Πρώην προϊστάμενος του ιδιαίτερου γραφείου της Γενικής Γραμματείας Πρωθυπουργού και ειδικός σύμβουλος του Μητσοτάκη για θέματα ανάπτυξης και επιχειρηματικότητας, νυν στέλεχος της εταιρείας Καραμολέγκος και μέλος του ΔΣ της εταιρείας εκμετάλλευσης ακινήτων Premia), Αλεξάνδρα Σδούκου (Γενική γραμματέας του υπουργείου Περιβάλλοντος και Ενέργειας), Γιάννης Θεοδωράτος (Διευθυντής του υπουργικού γραφείου του Αδωνη Γεωργιάδη), Απόστολος Παυλίδης (Πρόεδρος του Τμήματος Ανατολικής Μακεδονίας του Τεχνικού Επιμελητηρίου Ελλάδας (ΤΕΕ), πρώην διευθυντής του πολιτικού γραφείου του υπουργού Αμυνας Νίκου Παναγιωτόπουλου), Μαρία Διαμαντή (Εργάζεται στο Μέγαρο Μαξίμου), Λία Αθανασίου (Πανεπιστημιακός, συνεργάτιδα και συνέταιρος του Γιώργου Γεραπετρίτη στο δικηγορικό γραφείο Αθανασίου – Γεραπετρίτης & Συνεργάτες – Εταιρεία Δικηγόρων), Μερόπη Κομνηνού (Προϊσταμένη της Ειδικής Υπηρεσίας Επιτελικής Δομής ΕΣΠΑ στο υπουργείο Εργασίας), Πηνελόπη Μανιάτη (ε.α. υποστράτηγος της ΕΛΑΣ και πρώην διευθύντρια της Διεύθυνσης Εγκληματολογικών Ερευνών), Μένιος Φουρθιώτης (Τηλεπερσόνα της trash TV), Νανά Παλαιτσάκη (Τηλεπαρουσιάστρια), Παρασκευή (Βιβή) Παπουτσάκη (Συνεργάτιδα του Μ. Φουρθιώτη, κατά καιρούς στο πάνελ της εκπομπής του), Γρηγόρης Δημητριάδης (Διευθύνων σύμβουλος του Υπερταμείου (ΕΕΣΥΠ), μέλος του ΔΣ της ΔΕΗ), Γιώργος Γεράρδης (Οικονομικός σύμβουλος της V+O), Δημήτρης Μαζιώτης (Συνιδρυτής της W2 Strategy με εξειδίκευση στη διαχείριση κρίσεων, την πολιτική και την εταιρική επικοινωνία), Γιώργος Πολίτης (Διευθύνων σύμβουλος της ΑΕΠΕΥ Euroxx), Φωτεινή Ιωάννου (Γενική διευθύντρια διαχείρισης απαιτήσεων και μέλος της Εκτελεστικής Επιτροπής της Εθνικής Τράπεζας), Νίκος Μπάμπαλης (Business development chief officer της Wind), Γιάννης Φυτίλης (Δικηγόρος), Λαμπρινή Ρόρη (Επίκουρη καθηγήτρια στο τμήμα Πολιτικής Επιστήμης και Δημόσιας Διοίκησης του ΕΚΠΑ), Ροσάννα Μόρτογλου (Επικεφαλής εκπρόσωπος του ομίλου Libra στην Ελλάδα), Κώστας Τούμπουρος (Μέλος του διοικητικού συμβουλίου της ΕΛΛΑΚΤΩΡ ΑΕ), Γιάννης Παπαδόπουλος, Γιάννης Αστραπός, Αννα Αστρινάκη.",https://linkmix.co/12868722,44892
27/11/2022,"Σχετικά με τις αποκαλύψεις για παρακολούθηση δικαστικών, ο πρώην πρόεδρος της Ένωσης Δικαστών και Εισαγγελέων, Χριστόφορος Σεβαστίδης και επικεφαλής της μειοψηφίας του ΔΣ της Ένωσης Δικαστών και Εισαγγελέων σχολιάζει: «Το δημοσίευμα (...) [π]υροδότησε (...) δικαιολογημένα την αγωνία όλων των μελών του Δικαστικού Σώματος για το εάν, πότε και με ποια αφορμή έχουν γίνει αντικείμενο παρακολούθησης. Δικαστές και Εισαγγελείς που χειρίστηκαν σοβαρές ποινικές υποθέσεις, αστικές υποθέσεις με μεγάλο αντικείμενο ή με διαδίκους επιχειρηματίες και πολιτικούς, όσοι διετέλεσαν αιρετά μέλη διοικήσεων δικαστηρίων ή δικαστικών ενώσεων, όσοι συμμετείχαν σε επιτροπές έχουν εύλογο ενδιαφέρον να πληροφορηθούν και δίκαιη απαίτηση να προστατευτούν.»",https://www.documentonews.gr/article/dikastis-sevastidis-gia-apokalypseis-toy-documento-pyrodotisan-tin-agonia-ton-dikaston-poios-tha-toys-prostateysei/,44892
,,,#VALUE!
,,,#VALUE!
,,,#VALUE!
,,,#VALUE!
,,,#VALUE!
,,,#VALUE!
,,,#VALUE!
,,,#VALUE!
,,,#VALUE!
,,,#VALUE!
,,,#VALUE!
,,,#VALUE!
,,,#VALUE!
,,,#VALUE!
,,,#VALUE!
,,,#VALUE!
,,,#VALUE!
,,,#VALUE!
,,,#VALUE!
,,,#VALUE!
,,,#VALUE!
,,,#VALUE!
,,,#VALUE!
,,,#VALUE!
,,,#VALUE!
,,,#VALUE!
,,,#VALUE!
,,,#VALUE!
,,,#VALUE!
,,,#VALUE!
,,,#VALUE!
,,,#VALUE!
,,,#VALUE!
,,,#VALUE!
,,,#VALUE!
,,,#VALUE!
,,,#VALUE!
,,,#VALUE!
,,,#VALUE!
,,,#VALUE!
,,,#VALUE!
,,,#VALUE!
,,,#VALUE!
,,,#VALUE!
,,,#VALUE!
,,,#VALUE!
,,,#VALUE!
,,,#VALUE!
,,,#VALUE!
,,,#VALUE!
,,,#VALUE!
,,,#VALUE!
,,,#VALUE!
,,,#VALUE!
,,,#VALUE!
,,,#VALUE!
,,,#VALUE!
,,,#VALUE!
,,,#VALUE!
,,,#VALUE!
,,,#VALUE!
,,,#VALUE!
,,,#VALUE!
,,,#VALUE!
,,,#VALUE!
,,,#VALUE!
,,,#VALUE!
,,,#VALUE!
,,,#VALUE!
,,,#VALUE!
,,,#VALUE!
,,,#VALUE!
,,,#VALUE!
,,,#VALUE!
,,,#VALUE!
,,,#VALUE!
,,,#VALUE!
,,,#VALUE!
,,,#VALUE!
,,,#VALUE!
,,,#VALUE!
,,,#VALUE!
,,,#VALUE!
,,,#VALUE!
,,,#VALUE!
,,,#VALUE!
,,,#VALUE!
,,,#VALUE!
,,,#VALUE!
,,,#VALUE!
,,,#VALUE!
,,,#VALUE!
,,,#VALUE!
,,,#VALUE!
,,,#VALUE!
,,,#VALUE!
,,,#VALUE!
,,,#VALUE!
,,,#VALUE!
,,,#VALUE!
,,,#VALUE!
,,,#VALUE!
,,,#VALUE!
,,,#VALUE!
,,,#VALUE!
,,,#VALUE!
,,,#VALUE!
,,,#VALUE!
,,,#VALUE!
,,,#VALUE!
,,,#VALUE!
,,,#VALUE!
,,,#VALUE!
,,,#VALUE!
,,,#VALUE!
,,,#VALUE!
,,,#VALUE!
,,,#VALUE!
,,,#VALUE!
,,,#VALUE!
,,,#VALUE!
,,,#VALUE!
,,,#VALUE!
,,,#VALUE!
,,,#VALUE!
,,,#VALUE!
,,,#VALUE!
,,,#VALUE!
,,,#VALUE!
,,,#VALUE!
,,,#VALUE!
,,,#VALUE!
,,,#VALUE!
,,,#VALUE!
,,,#VALUE!
,,,#VALUE!
,,,#VALUE!
,,,#VALUE!
,,,#VALUE!
,,,#VALUE!
,,,#VALUE!
,,,#VALUE!
,,,#VALUE!
,,,#VALUE!
,,,#VALUE!
,,,#VALUE!
,,,#VALUE!
,,,#VALUE!
,,,#VALUE!
,,,#VALUE!
,,,#VALUE!
,,,#VALUE!
,,,#VALUE!
,,,#VALUE!
,,,#VALUE!
,,,#VALUE!
,,,#VALUE!
,,,#VALUE!
,,,#VALUE!
,,,#VALUE!
,,,#VALUE!
,,,#VALUE!
,,,#VALUE!
,,,#VALUE!
,,,#VALUE!
,,,#VALUE!
,,,#VALUE!
,,,#VALUE!
,,,#VALUE!
,,,#VALUE!
,,,#VALUE!
,,,#VALUE!
,,,#VALUE!
,,,#VALUE!
,,,#VALUE!
,,,#VALUE!
,,,#VALUE!
,,,#VALUE!
,,,#VALUE!
,,,#VALUE!
,,,#VALUE!
,,,#VALUE!
,,,#VALUE!
,,,#VALUE!
,,,#VALUE!
,,,#VALUE!
,,,#VALUE!
,,,#VALUE!
,,,#VALUE!
,,,#VALUE!
,,,#VALUE!
,,,#VALUE!
,,,#VALUE!
,,,#VALUE!
,,,#VALUE!
,,,#VALUE!
,,,#VALUE!
,,,#VALUE!
,,,#VALUE!
,,,#VALUE!
,,,#VALUE!
,,,#VALUE!
,,,#VALUE!
,,,#VALUE!
,,,#VALUE!
,,,#VALUE!
,,,#VALUE!
,,,#VALUE!
,,,#VALUE!
,,,#VALUE!
,,,#VALUE!
,,,#VALUE!
,,,#VALUE!
,,,#VALUE!
,,,#VALUE!
,,,#VALUE!
,,,#VALUE!
,,,#VALUE!
,,,#VALUE!
,,,#VALUE!
,,,#VALUE!
,,,#VALUE!
,,,#VALUE!
,,,#VALUE!
,,,#VALUE!
,,,#VALUE!
,,,#VALUE!
,,,#VALUE!
,,,#VALUE!
,,,#VALUE!
,,,#VALUE!
,,,#VALUE!
,,,#VALUE!
,,,#VALUE!
,,,#VALUE!
,,,#VALUE!
,,,#VALUE!
,,,#VALUE!
,,,#VALUE!
,,,#VALUE!
,,,#VALUE!
,,,#VALUE!
,,,#VALUE!
,,,#VALUE!
,,,#VALUE!
,,,#VALUE!
,,,#VALUE!
,,,#VALUE!
,,,#VALUE!
,,,#VALUE!
,,,#VALUE!
,,,#VALUE!
,,,#VALUE!
,,,#VALUE!
,,,#VALUE!
,,,#VALUE!
,,,#VALUE!
,,,#VALUE!
,,,#VALUE!
,,,#VALUE!
,,,#VALUE!
,,,#VALUE!
,,,#VALUE!
,,,#VALUE!
,,,#VALUE!
,,,#VALUE!
,,,#VALUE!
,,,#VALUE!
,,,#VALUE!
,,,#VALUE!
,,,#VALUE!
,,,#VALUE!
,,,#VALUE!
,,,#VALUE!
,,,#VALUE!
,,,#VALUE!
,,,#VALUE!
,,,#VALUE!
,,,#VALUE!
,,,#VALUE!
,,,#VALUE!
,,,#VALUE!
,,,#VALUE!
,,,#VALUE!
,,,#VALUE!
,,,#VALUE!
,,,#VALUE!
,,,#VALUE!
,,,#VALUE!
,,,#VALUE!
,,,#VALUE!
,,,#VALUE!
,,,#VALUE!
,,,#VALUE!
,,,#VALUE!
,,,#VALUE!
,,,#VALUE!
,,,#VALUE!
,,,#VALUE!
,,,#VALUE!
,,,#VALUE!
,,,#VALUE!
,,,#VALUE!
,,,#VALUE!
,,,#VALUE!
,,,#VALUE!
,,,#VALUE!
,,,#VALUE!
,,,#VALUE!
,,,#VALUE!
,,,#VALUE!
,,,#VALUE!
,,,#VALUE!
,,,#VALUE!
,,,#VALUE!
,,,#VALUE!
,,,#VALUE!
,,,#VALUE!
,,,#VALUE!
,,,#VALUE!
,,,#VALUE!
,,,#VALUE!
,,,#VALUE!
,,,#VALUE!
,,,#VALUE!
,,,#VALUE!
,,,#VALUE!
,,,#VALUE!
,,,#VALUE!
,,,#VALUE!
,,,#VALUE!
,,,#VALUE!
,,,#VALUE!
,,,#VALUE!
,,,#VALUE!
,,,#VALUE!
,,,#VALUE!
,,,#VALUE!
,,,#VALUE!
,,,#VALUE!
,,,#VALUE!
,,,#VALUE!
,,,#VALUE!
,,,#VALUE!
,,,#VALUE!
,,,#VALUE!
,,,#VALUE!
,,,#VALUE!
,,,#VALUE!
,,,#VALUE!
,,,#VALUE!
,,,#VALUE!
,,,#VALUE!
,,,#VALUE!
,,,#VALUE!
,,,#VALUE!
,,,#VALUE!
,,,#VALUE!
,,,#VALUE!
,,,#VALUE!
,,,#VALUE!
,,,#VALUE!
,,,#VALUE!
,,,#VALUE!
,,,#VALUE!
,,,#VALUE!
,,,#VALUE!
,,,#VALUE!
,,,#VALUE!
,,,#VALUE!
,,,#VALUE!
,,,#VALUE!
,,,#VALUE!
,,,#VALUE!
,,,#VALUE!
,,,#VALUE!
,,,#VALUE!
,,,#VALUE!
,,,#VALUE!
,,,#VALUE!
,,,#VALUE!
,,,#VALUE!
,,,#VALUE!
,,,#VALUE!
,,,#VALUE!
,,,#VALUE!
,,,#VALUE!
,,,#VALUE!
,,,#VALUE!
,,,#VALUE!
,,,#VALUE!
,,,#VALUE!
,,,#VALUE!
,,,#VALUE!
,,,#VALUE!
,,,#VALUE!
,,,#VALUE!
,,,#VALUE!
,,,#VALUE!
,,,#VALUE!
,,,#VALUE!
,,,#VALUE!
,,,#VALUE!
,,,#VALUE!
,,,#VALUE!
,,,#VALUE!
,,,#VALUE!
,,,#VALUE!
,,,#VALUE!
,,,#VALUE!
,,,#VALUE!
,,,#VALUE!
,,,#VALUE!
,,,#VALUE!
,,,#VALUE!
,,,#VALUE!
,,,#VALUE!
,,,#VALUE!
,,,#VALUE!
,,,#VALUE!
,,,#VALUE!
,,,#VALUE!
,,,#VALUE!
,,,#VALUE!
,,,#VALUE!
,,,#VALUE!
,,,#VALUE!
,,,#VALUE!
,,,#VALUE!
,,,#VALUE!
,,,#VALUE!
,,,#VALUE!
,,,#VALUE!
,,,#VALUE!
,,,#VALUE!
,,,#VALUE!
,,,#VALUE!
,,,#VALUE!
,,,#VALUE!
,,,#VALUE!
,,,#VALUE!
,,,#VALUE!
,,,#VALUE!
,,,#VALUE!
,,,#VALUE!
,,,#VALUE!
,,,#VALUE!
,,,#VALUE!
,,,#VALUE!
,,,#VALUE!
,,,#VALUE!
,,,#VALUE!
,,,#VALUE!
,,,#VALUE!
,,,#VALUE!
,,,#VALUE!
,,,#VALUE!
,,,#VALUE!
,,,#VALUE!
,,,#VALUE!
,,,#VALUE!
,,,#VALUE!
,,,#VALUE!
,,,#VALUE!
,,,#VALUE!
,,,#VALUE!
,,,#VALUE!
,,,#VALUE!
,,,#VALUE!
,,,#VALUE!
,,,#VALUE!
,,,#VALUE!
,,,#VALUE!
,,,#VALUE!
,,,#VALUE!
,,,#VALUE!
,,,#VALUE!
,,,#VALUE!
,,,#VALUE!
,,,#VALUE!
,,,#VALUE!
,,,#VALUE!
,,,#VALUE!
,,,#VALUE!
,,,#VALUE!
,,,#VALUE!
,,,#VALUE!
,,,#VALUE!
,,,#VALUE!
,,,#VALUE!
,,,#VALUE!
,,,#VALUE!
,,,#VALUE!
,,,#VALUE!
,,,#VALUE!
,,,#VALUE!
,,,#VALUE!
,,,#VALUE!
,,,#VALUE!
,,,#VALUE!
,,,#VALUE!
,,,#VALUE!
,,,#VALUE!
,,,#VALUE!
,,,#VALUE!
,,,#VALUE!
,,,#VALUE!
,,,#VALUE!
,,,#VALUE!
,,,#VALUE!
,,,#VALUE!
,,,#VALUE!
,,,#VALUE!
,,,#VALUE!
,,,#VALUE!
,,,#VALUE!
,,,#VALUE!
,,,#VALUE!
,,,#VALUE!
,,,#VALUE!
,,,#VALUE!
,,,#VALUE!
,,,#VALUE!
,,,#VALUE!
,,,#VALUE!
,,,#VALUE!
,,,#VALUE!
,,,#VALUE!
,,,#VALUE!
,,,#VALUE!
,,,#VALUE!
,,,#VALUE!
,,,#VALUE!
,,,#VALUE!
,,,#VALUE!
,,,#VALUE!
,,,#VALUE!
,,,#VALUE!
,,,#VALUE!
,,,#VALUE!
,,,#VALUE!
,,,#VALUE!
,,,#VALUE!
,,,#VALUE!
,,,#VALUE!
,,,#VALUE!
,,,#VALUE!
,,,#VALUE!
,,,#VALUE!
,,,#VALUE!
,,,#VALUE!
,,,#VALUE!
,,,#VALUE!
,,,#VALUE!
,,,#VALUE!
,,,#VALUE!
,,,#VALUE!
,,,#VALUE!
,,,#VALUE!
,,,#VALUE!
,,,#VALUE!
,,,#VALUE!
,,,#VALUE!
,,,#VALUE!
,,,#VALUE!
,,,#VALUE!
,,,#VALUE!
,,,#VALUE!
,,,#VALUE!
,,,#VALUE!
,,,#VALUE!
,,,#VALUE!
,,,#VALUE!
,,,#VALUE!
,,,#VALUE!
,,,#VALUE!
,,,#VALUE!
,,,#VALUE!
,,,#VALUE!
,,,#VALUE!
,,,#VALUE!
,,,#VALUE!
,,,#VALUE!
,,,#VALUE!
,,,#VALUE!
,,,#VALUE!
,,,#VALUE!
,,,#VALUE!
,,,#VALUE!
,,,#VALUE!
,,,#VALUE!
,,,#VALUE!
,,,#VALUE!
,,,#VALUE!
,,,#VALUE!
,,,#VALUE!
,,,#VALUE!
,,,#VALUE!
,,,#VALUE!
,,,#VALUE!
,,,#VALUE!
,,,#VALUE!
,,,#VALUE!
,,,#VALUE!
,,,#VALUE!
,,,#VALUE!
,,,#VALUE!
,,,#VALUE!
,,,#VALUE!
,,,#VALUE!
,,,#VALUE!
,,,#VALUE!
,,,#VALUE!
,,,#VALUE!
,,,#VALUE!
,,,#VALUE!
,,,#VALUE!
,,,#VALUE!
,,,#VALUE!
,,,#VALUE!
,,,#VALUE!
,,,#VALUE!
,,,#VALUE!
,,,#VALUE!
,,,#VALUE!
,,,#VALUE!
,,,#VALUE!
,,,#VALUE!
,,,#VALUE!
,,,#VALUE!
,,,#VALUE!
,,,#VALUE!
,,,#VALUE!
,,,#VALUE!
,,,#VALUE!
,,,#VALUE!
,,,#VALUE!
,,,#VALUE!
,,,#VALUE!
,,,#VALUE!
,,,#VALUE!
,,,#VALUE!
,,,#VALUE!
,,,#VALUE!
,,,#VALUE!
,,,#VALUE!
,,,#VALUE!
,,,#VALUE!
,,,#VALUE!
,,,#VALUE!
,,,#VALUE!
,,,#VALUE!
,,,#VALUE!
,,,#VALUE!
,,,#VALUE!
,,,#VALUE!
,,,#VALUE!
,,,#VALUE!
,,,#VALUE!
,,,#VALUE!
,,,#VALUE!
,,,#VALUE!
,,,#VALUE!
,,,#VALUE!
,,,#VALUE!
,,,#VALUE!
,,,#VALUE!
,,,#VALUE!
,,,#VALUE!
,,,#VALUE!
,,,#VALUE!
,,,#VALUE!
,,,#VALUE!
,,,#VALUE!
,,,#VALUE!
,,,#VALUE!
,,,#VALUE!
,,,#VALUE!
,,,#VALUE!
,,,#VALUE!
,,,#VALUE!
,,,#VALUE!
,,,#VALUE!
,,,#VALUE!
,,,#VALUE!
,,,#VALUE!
,,,#VALUE!
,,,#VALUE!
,,,#VALUE!
,,,#VALUE!
,,,#VALUE!
,,,#VALUE!
,,,#VALUE!
,,,#VALUE!
,,,#VALUE!
,,,#VALUE!
,,,#VALUE!
,,,#VALUE!
,,,#VALUE!
,,,#VALUE!
,,,#VALUE!
,,,#VALUE!
,,,#VALUE!
,,,#VALUE!
,,,#VALUE!
,,,#VALUE!
,,,#VALUE!
,,,#VALUE!
,,,#VALUE!
,,,#VALUE!
,,,#VALUE!
,,,#VALUE!
,,,#VALUE!
,,,#VALUE!
,,,#VALUE!
,,,#VALUE!
,,,#VALUE!
,,,#VALUE!
,,,#VALUE!
,,,#VALUE!
,,,#VALUE!
,,,#VALUE!
,,,#VALUE!
,,,#VALUE!
,,,#VALUE!
,,,#VALUE!
,,,#VALUE!
,,,#VALUE!
,,,#VALUE!
,,,#VALUE!
,,,#VALUE!
,,,#VALUE!
,,,#VALUE!
,,,#VALUE!
,,,#VALUE!
,,,#VALUE!
,,,#VALUE!
,,,#VALUE!
,,,#VALUE!
,,,#VALUE!
,,,#VALUE!
,,,#VALUE!
,,,#VALUE!
,,,#VALUE!
,,,#VALUE!
,,,#VALUE!
,,,#VALUE!
,,,#VALUE!
,,,#VALUE!
,,,#VALUE!
,,,#VALUE!
,,,#VALUE!
,,,#VALUE!
,,,#VALUE!
,,,#VALUE!
,,,#VALUE!
,,,#VALUE!
,,,#VALUE!
,,,#VALUE!
,,,#VALUE!
,,,#VALUE!
,,,#VALUE!
,,,#VALUE!
,,,#VALUE!
,,,#VALUE!
,,,#VALUE!
,,,#VALUE!
,,,#VALUE!
,,,#VALUE!
,,,#VALUE!
,,,#VALUE!
,,,#VALUE!
,,,#VALUE!
,,,#VALUE!
,,,#VALUE!
,,,#VALUE!
,,,#VALUE!
,,,#VALUE!
,,,#VALUE!
,,,#VALUE!
,,,#VALUE!
,,,#VALUE!
,,,#VALUE!
,,,#VALUE!
,,,#VALUE!
,,,#VALUE!
,,,#VALUE!
,,,#VALUE!
,,,#VALUE!
,,,#VALUE!
,,,#VALUE!
,,,#VALUE!
,,,#VALUE!
,,,#VALUE!
,,,#VALUE!
,,,#VALUE!
,,,#VALUE!
,,,#VALUE!
,,,#VALUE!
,,,#VALUE!
,,,#VALUE!
,,,#VALUE!
,,,#VALUE!
,,,#VALUE!
,,,#VALUE!
,,,#VALUE!
,,,#VALUE!
,,,#VALUE!
,,,#VALUE!
,,,#VALUE!
,,,#VALUE!
,,,#VALUE!
,,,#VALUE!
,,,#VALUE!
,,,#VALUE!
,,,#VALUE!
,,,#VALUE!
,,,#VALUE!
,,,#VALUE!
,,,#VALUE!
,,,#VALUE!
,,,#VALUE!
,,,#VALUE!
,,,#VALUE!
,,,#VALUE!
,,,#VALUE!
,,,#VALUE!
,,,#VALUE!
,,,#VALUE!
,,,#VALUE!
,,,#VALUE!
,,,#VALUE!
,,,#VALUE!
,,,#VALUE!
,,,#VALUE!